{"frequency (Hz)":{"base_br24out":[60.0],"base":[60.0],"br24_cable":[0.0,60.0],"br24":[0.0,60.0],"br24_cable2":[0.0,60.0],"base_cable":[60.0]},"objective":{"base_br24out":[829496.1676406303],"base":[546132.6288400585],"br24_cable":[508109.9029467627,508109.9029467627],"br24":[481643.52904742735,481643.52904742735],"br24_cable2":[508109.9029467627,508109.9029467627],"base_cable":[766089.0437254966]},"total loss":{"base_br24out":[2.720608310413269],"base":[3.5714305684781635],"br24_cable":[0.0,3.48138140822914],"br24":[0.0,3.591039780064449],"br24_cable2":[0.0,3.48138140822914],"base_cable":[2.816688541659758]},"converter loss":{"base_br24out":[0.0],"base":[0.0],"br24_cable":[0.017832329058028423,0.017832329058028423],"br24":[0.022732392774917617,0.022732392774917617],"br24_cable2":[0.017832329058028423,0.017832329058028423],"base_cable":[0.0]},"status":{"base_br24out":"LOCALLY_SOLVED","base":"LOCALLY_SOLVED","br24_cable":"LOCALLY_SOLVED","br24":"LOCALLY_SOLVED","br24_cable2":"LOCALLY_SOLVED","base_cable":"LOCALLY_SOLVED"},"CPU time (s)":{"base_br24out":0.536,"base":0.944,"br24_cable":0.97,"br24":1.258,"br24_cable2":0.9610000000000001,"base_cable":0.527},"iterations":{"base_br24out":44,"base":85,"br24_cable":69,"br24":102,"br24_cable2":69,"base_cable":47},"total time (s)":{"base_br24out":0.595846961,"base":1.00157255,"br24_cable":1.03003933,"br24":1.32439774,"br24_cable2":1.030467,"base_cable":0.586967869},"subnet":{"base_br24out":[1],"base":[1],"br24_cable":[2,1],"br24":[2,1],"br24_cable2":[2,1],"base_cable":[1]},"cost":{"base_br24out":[829496.1676406303],"base":[546132.6288400585],"br24_cable":[0.0,508109.9029467627],"br24":[0.0,481643.52904742735],"br24_cable2":[0.0,508109.9029467627],"base_cable":[766089.0437254966]},"generation":{"base_br24out":[88.22060831041327],"base":[89.07143056847816],"br24_cable":[0.0,88.98138140822914],"br24":[0.0,89.09103978006445],"br24_cable2":[0.0,88.98138140822914],"base_cable":[88.31668854165976]},"line loss":{"base_br24out":[2.720609220178357],"base":[3.571431549604611],"br24_cable":[0.15665008347906806,3.3068999464794526],"br24":[0.3030261465622104,3.26528218193872],"br24_cable2":[0.15665008347906806,3.3068999464794526],"base_cable":[2.8166894358959844]}}