subnet,f,fmin,fmax,min_v,max_v,avg_v,ngen_Qll,ngen_Qul,ngen,minQloss,maxQloss,n_negQloss,n_s_bound,max_ang_diff,min_ang_diff,nbranch,total_loss,converter_loss,cost,objective,time_s,status,network
1,60.0,60.0,60.0,0.95,1.05,1.0193010569088183,2,22,96,-2.6130295946295314,2.984046273635933,44,3,30.000000572957536,-15.751254127749354,120,3.5714305684781635,0.0,546132.6288400585,546132.6288400585,1.00157255,LOCALLY_SOLVED,"basek_cond=1,k_ins=sqrt(2)"
1,60.0,60.0,60.0,0.9540920652459624,1.05,1.0307593047914134,0,28,96,-2.6026369536449696,2.694927534276196,56,2,30.000000572957525,-15.654320331338644,119,2.720608310413269,0.0,829496.1676406303,829496.1676406303,0.595846961,LOCALLY_SOLVED,"base_br24outk_cond=1,k_ins=sqrt(2)"
1,60.0,60.0,60.0,0.9538916845307048,1.05,1.0311856609691559,0,28,96,-2.645472052866582,2.834872745148432,53,2,30.00000057295753,-15.943619751741457,120,2.816688541659758,0.0,766089.0437254966,766089.0437254966,0.586967869,LOCALLY_SOLVED,"base_cablek_cond=1,k_ins=sqrt(2)"
2,0.0,0.0,0.0,1.048721048681884,1.1,1.0743605270909233,0,0,0,0.0,0.0,0,1,NaN,NaN,3,0.0,0.022732392774917617,0.0,481643.52904742735,1.32439774,LOCALLY_SOLVED,"br24k_cond=1,k_ins=sqrt(2)"
1,60.0,60.0,60.0,0.95,1.0507601374970363,1.0160405359659956,0,25,96,-2.582676086631344,2.5349652943344787,44,2,30.000000572957525,-15.29220887909646,121,3.591039780064449,0.022732392774917617,481643.52904742735,481643.52904742735,1.32439774,LOCALLY_SOLVED,"br24k_cond=1,k_ins=sqrt(2)"
2,0.0,0.0,0.0,1.0671793403623844,1.1,1.0835896729309775,0,0,0,0.0,0.0,0,1,NaN,NaN,3,0.0,0.017832329058028423,0.0,508109.9029467627,1.03003933,LOCALLY_SOLVED,"br24_cablek_cond=1,k_ins=sqrt(2)"
1,60.0,60.0,60.0,0.9521553858319671,1.0508092697786882,1.0186805468589875,0,25,96,-2.5870915627693902,2.6769538421057573,43,3,30.00000057295751,-14.803782088267184,121,3.48138140822914,0.017832329058028423,508109.9029467627,508109.9029467627,1.03003933,LOCALLY_SOLVED,"br24_cablek_cond=1,k_ins=sqrt(2)"
2,0.0,0.0,0.0,1.0671793403623844,1.1,1.0835896729309775,0,0,0,0.0,0.0,0,1,NaN,NaN,3,0.0,0.017832329058028423,0.0,508109.9029467627,1.030467,LOCALLY_SOLVED,"br24_cable2k_cond=1,k_ins=sqrt(2)"
1,60.0,60.0,60.0,0.9521553858319671,1.0508092697786882,1.0186805468589875,0,25,96,-2.5870915627693902,2.6769538421057573,43,3,30.00000057295751,-14.803782088267184,121,3.48138140822914,0.017832329058028423,508109.9029467627,508109.9029467627,1.030467,LOCALLY_SOLVED,"br24_cable2k_cond=1,k_ins=sqrt(2)"
