{"frequency (Hz)":{"base230":[60.0],"mt_138cable":[60.0,60.0,60.0,60.0,0.0,60.0,60.0],"base":[60.0],"base138cable":[60.0],"mt_230_aluminum":[60.0,60.0,60.0,0.0,60.0,60.0],"mt_138":[60.0,60.0,60.0,60.0,0.0,60.0,60.0],"mt_230cable":[60.0,60.0,60.0,0.0,60.0,60.0],"base138":[60.0],"mt_230":[60.0,60.0,60.0,0.0,60.0,60.0],"base230cable":[60.0]},"objective":{"base230":[238401.77741016157],"mt_138cable":[231366.74476970668,231366.74476970668,231366.74476970668,231366.74476970668,231366.74476970668,231366.74476970668,231366.74476970668],"base":[238401.77741016157],"base138cable":[238351.59332949595],"mt_230_aluminum":[238315.71798069484,238315.71798069484,238315.71798069484,238315.71798069484,238315.71798069484,238315.71798069484],"mt_138":[231776.1937912237,231776.1937912237,231776.1937912237,231776.1937912237,231776.1937912237,231776.1937912237,231776.1937912237],"mt_230cable":[238083.74077117484,238083.74077117484,238083.74077117484,238083.74077117484,238083.74077117484,238083.74077117484],"base138":[238401.77741016157],"mt_230":[238315.71798069484,238315.71798069484,238315.71798069484,238315.71798069484,238315.71798069484,238315.71798069484],"base230cable":[240835.03463141393]},"total loss":{"base230":[1.435126501769517],"mt_138cable":[-0.74,2.87,-0.71,-1.36,0.0,0.8399999999999999,0.5295521253339217],"base":[1.435126501769517],"base138cable":[1.425442087030703],"mt_230_aluminum":[3.55,-1.6300000000000001,3.0999999999999996,0.0,0.0,-3.6014810974571674],"mt_138":[-0.74,2.75,-0.71,-1.36,0.0,0.8399999999999999,0.726840021205291],"mt_230cable":[3.55,-1.6300000000000001,3.0999999999999996,0.0,0.0,-3.643671958589664],"base138":[1.435126501769517],"mt_230":[3.55,-1.6300000000000001,3.0999999999999996,0.0,0.0,-3.6014810974571674],"base230cable":[-2.045047074853315]},"converter loss":{"base230":[0.0],"mt_138cable":[1.4105474742865704e-38,1.4105474742865704e-38,1.4105474742865704e-38,1.4105474742865704e-38,1.4105474742865704e-38,1.4105474742865704e-38,1.4105474742865704e-38],"base":[0.0],"base138cable":[0.0],"mt_230_aluminum":[1.564834153035099e-37,1.564834153035099e-37,1.564834153035099e-37,1.564834153035099e-37,1.564834153035099e-37,1.564834153035099e-37],"mt_138":[6.06397298050919e-39,6.06397298050919e-39,6.06397298050919e-39,6.06397298050919e-39,6.06397298050919e-39,6.06397298050919e-39,6.06397298050919e-39],"mt_230cable":[3.792077161098082e-40,3.792077161098082e-40,3.792077161098082e-40,3.792077161098082e-40,3.792077161098082e-40,3.792077161098082e-40],"base138":[0.0],"mt_230":[1.564834153035099e-37,1.564834153035099e-37,1.564834153035099e-37,1.564834153035099e-37,1.564834153035099e-37,1.564834153035099e-37],"base230cable":[0.0]},"status":{"base230":"LOCALLY_SOLVED","mt_138cable":"LOCALLY_SOLVED","base":"LOCALLY_SOLVED","base138cable":"LOCALLY_SOLVED","mt_230_aluminum":"LOCALLY_SOLVED","mt_138":"LOCALLY_SOLVED","mt_230cable":"LOCALLY_SOLVED","base138":"LOCALLY_SOLVED","mt_230":"LOCALLY_SOLVED","base230cable":"LOCALLY_INFEASIBLE"},"CPU time (s)":{"base230":0.26,"mt_138cable":0.372,"base":0.273,"base138cable":0.301,"mt_230_aluminum":0.406,"mt_138":0.385,"mt_230cable":0.405,"base138":0.254,"mt_230":0.41200000000000003,"base230cable":7.7},"iterations":{"base230":24,"mt_138cable":32,"base":24,"base138cable":28,"mt_230_aluminum":36,"mt_138":35,"mt_230cable":36,"base138":24,"mt_230":36,"base230cable":619},"total time (s)":{"base230":0.308825355,"mt_138cable":0.424163399,"base":0.323911029,"base138cable":0.35306832,"mt_230_aluminum":0.458718581,"mt_138":0.442674657,"mt_230cable":0.461296494,"base138":0.311292355,"mt_230":0.48343683,"base230cable":7.803400841},"subnet":{"base230":[1],"mt_138cable":[5,4,6,7,2,3,1],"base":[1],"base138cable":[1],"mt_230_aluminum":[5,4,6,2,3,1],"mt_138":[5,4,6,7,2,3,1],"mt_230cable":[5,4,6,2,3,1],"base138":[1],"mt_230":[5,4,6,2,3,1],"base230cable":[1]},"cost":{"base230":[238401.77741016157],"mt_138cable":[0.0,4492.38839479679,0.0,0.0,0.0,1715.0108835544474,225159.34549135546],"base":[238401.77741016157],"base138cable":[238351.59332949595],"mt_230_aluminum":[16977.82973762842,8940.558693351193,1137.6623396375082,0.0,0.0,211259.66721007772],"mt_138":[0.0,3919.631721917852,0.0,0.0,0.0,1715.010883555944,226141.5511857499],"mt_230cable":[16977.829737624746,8940.558693334133,1137.662339637534,0.0,0.0,211027.6900005784],"base138":[238401.77741016157],"mt_230":[16977.82973762842,8940.558693351193,1137.6623396375082,0.0,0.0,211259.66721007772],"base230cable":[240835.03463141393]},"generation":{"base230":[86.93512650176952],"mt_138cable":[0.0,3.84,0.0,0.0,0.0,1.92,81.16955212533392],"base":[86.93512650176952],"base138cable":[86.9254420870307],"mt_230_aluminum":[3.55,1.7,3.0999999999999996,0.0,0.0,78.56851890254283],"mt_138":[0.0,3.7199999999999998,0.0,0.0,0.0,1.92,81.36684002120529],"mt_230cable":[3.55,1.7,3.0999999999999996,0.0,0.0,78.52632804141034],"base138":[86.93512650176952],"mt_230":[3.55,1.7,3.0999999999999996,0.0,0.0,78.56851890254283],"base230cable":[83.45495292514669]},"line loss":{"base230":[1.4351276646439857],"mt_138cable":[0.0,0.0,0.0,0.0,0.027864198554873747,0.0,1.401689058552325],"base":[1.4351276646439857],"base138cable":[1.4254432499075376],"mt_230_aluminum":[0.0,0.0,0.0,0.10146124808311557,0.0,1.3170588173214435],"mt_138":[0.0,0.0,0.0,0.0,0.10258890368275768,0.0,1.404252229480092],"mt_230cable":[0.0,0.0,0.0,0.06613114572320866,0.0,1.31019805838941],"base138":[1.4351276646439857],"mt_230":[0.0,0.0,0.0,0.10146124808311557,0.0,1.3170588173214435],"base230cable":[2.564953938159027]}}