{"frequency (Hz)":{"base_br24out":[60.0],"base":[60.0],"br24_cable":[0.1,60.0],"br24":[48.756750606661704,60.0],"br24_cable2":[0.1,60.0],"base_cable":[60.0]},"objective":{"base_br24out":[829496.1676406303],"base":[546132.6288400585],"br24_cable":[510175.3183074786,510175.3183074786],"br24":[485366.15276477736,485366.15276477736],"br24_cable2":[510175.3183074786,510175.3183074786],"base_cable":[766089.0437254966]},"total loss":{"base_br24out":[2.720608310413269],"base":[3.5714305684781635],"br24_cable":[0.0,3.5234915869466477],"br24":[0.0,3.65583750050304],"br24_cable2":[0.0,3.5234915869466477],"base_cable":[2.816688541659758]},"converter loss":{"base_br24out":[0.0],"base":[0.0],"br24_cable":[0.032140701833008975,0.032140701833008975],"br24":[0.0412537799855824,0.0412537799855824],"br24_cable2":[0.032140701833008975,0.032140701833008975],"base_cable":[0.0]},"status":{"base_br24out":"LOCALLY_SOLVED","base":"LOCALLY_SOLVED","br24_cable":"LOCALLY_SOLVED","br24":"LOCALLY_SOLVED","br24_cable2":"LOCALLY_SOLVED","base_cable":"LOCALLY_SOLVED"},"CPU time (s)":{"base_br24out":0.46499999999999997,"base":1.1,"br24_cable":26.643,"br24":13.672999999999998,"br24_cable2":26.266000000000002,"base_cable":0.504},"iterations":{"base_br24out":44,"base":85,"br24_cable":1389,"br24":721,"br24_cable2":1389,"base_cable":47},"total time (s)":{"base_br24out":0.532963377,"base":1.177963235,"br24_cable":27.154225603,"br24":15.747860447,"br24_cable2":26.668010182,"base_cable":0.580122575},"subnet":{"base_br24out":[1],"base":[1],"br24_cable":[2,1],"br24":[2,1],"br24_cable2":[2,1],"base_cable":[1]},"cost":{"base_br24out":[829496.1676406303],"base":[546132.6288400585],"br24_cable":[0.0,510175.3183074786],"br24":[0.0,485366.15276477736],"br24_cable2":[0.0,510175.3183074786],"base_cable":[766089.0437254966]},"generation":{"base_br24out":[88.22060831041327],"base":[89.07143056847816],"br24_cable":[0.0,89.02349158694665],"br24":[0.0,89.15583750050304],"br24_cable2":[0.0,89.02349158694665],"base_cable":[88.31668854165976]},"line loss":{"base_br24out":[2.720609220178357],"base":[3.571431549604611],"br24_cable":[0.18115876839118528,3.310193067552374],"br24":[0.349917069110818,3.264667592387452],"br24_cable2":[0.18115876839118528,3.310193067552374],"base_cable":[2.8166894358959844]}}