{"frequency (Hz)":{"mt_138cable":[60.0,60.0,60.0,60.0,0.0,60.0,60.0],"mt_230cable_aluminum":[60.0,60.0,60.0,0.0,60.0,60.0],"mt_138":[60.0,60.0,60.0,60.0,0.0,60.0,60.0],"base138cable":[60.0],"base230cable":[60.0],"br119_cable":[0.0,60.0],"mt_230_aluminum":[60.0,60.0,60.0,0.0,60.0,60.0],"mt_230cable":[60.0,60.0,60.0,0.0,60.0,60.0],"base230":[60.0],"base":[60.0],"base138":[60.0],"mt_230":[60.0,60.0,60.0,0.0,60.0,60.0]},"objective":{"mt_138cable":[231421.90743590964,231421.90743590964,231421.90743590964,231421.90743590964,231421.90743590964,231421.90743590964,231421.90743590964],"mt_230cable_aluminum":[238201.31591535185,238201.31591535185,238201.31591535185,238201.31591535185,238201.31591535185,238201.31591535185],"mt_138":[232294.84207485322,232294.84207485322,232294.84207485322,232294.84207485322,232294.84207485322,232294.84207485322,232294.84207485322],"base138cable":[238351.59332949595],"base230cable":[240835.03463141393],"br119_cable":[238450.01273987503,238450.01273987503],"mt_230_aluminum":[238829.67450602853,238829.67450602853,238829.67450602853,238829.67450602853,238829.67450602853,238829.67450602853],"mt_230cable":[238096.35949945505,238096.35949945505,238096.35949945505,238096.35949945505,238096.35949945505,238096.35949945505],"base230":[238401.77741016157],"base":[238401.77741016157],"base138":[238401.77741016157],"mt_230":[238829.67450602853,238829.67450602853,238829.67450602853,238829.67450602853,238829.67450602853,238829.67450602853]},"total loss":{"mt_138cable":[-0.74,2.87,-0.71,-1.36,0.0,0.8399999999999999,0.5400577748317374],"mt_230cable_aluminum":[3.55,-1.6300000000000001,3.0999999999999996,0.0,0.0,-3.6235584895535453],"mt_138":[-0.74,2.75,-0.71,-1.36,0.0,0.8399999999999999,0.8311090384892026],"base138cable":[1.425442087030703],"base230cable":[-2.045047074853315],"br119_cable":[0.0,1.4444347928207293],"mt_230_aluminum":[3.55,-1.6300000000000001,3.0999999999999996,0.0,0.0,-3.5023013464958694],"mt_230cable":[3.55,-1.6300000000000001,3.0999999999999996,0.0,0.0,-3.642797513824206],"base230":[1.435126501769517],"base":[1.435126501769517],"base138":[1.435126501769517],"mt_230":[3.55,-1.6300000000000001,3.0999999999999996,0.0,0.0,-3.5023013464958694]},"converter loss":{"mt_138cable":[5.172022248154655e-39,5.172022248154655e-39,5.172022248154655e-39,5.172022248154655e-39,5.172022248154655e-39,5.172022248154655e-39,5.172022248154655e-39],"mt_230cable_aluminum":[5.588350492630021e-41,5.588350492630021e-41,5.588350492630021e-41,5.588350492630021e-41,5.588350492630021e-41,5.588350492630021e-41],"mt_138":[1.0934886359137335e-37,1.0934886359137335e-37,1.0934886359137335e-37,1.0934886359137335e-37,1.0934886359137335e-37,1.0934886359137335e-37,1.0934886359137335e-37],"base138cable":[0.0],"base230cable":[0.0],"br119_cable":[0.004793473074595449,0.004793473074595449],"mt_230_aluminum":[2.17547830623087e-37,2.17547830623087e-37,2.17547830623087e-37,2.17547830623087e-37,2.17547830623087e-37,2.17547830623087e-37],"mt_230cable":[3.9497841846462273e-39,3.9497841846462273e-39,3.9497841846462273e-39,3.9497841846462273e-39,3.9497841846462273e-39,3.9497841846462273e-39],"base230":[0.0],"base":[0.0],"base138":[0.0],"mt_230":[2.17547830623087e-37,2.17547830623087e-37,2.17547830623087e-37,2.17547830623087e-37,2.17547830623087e-37,2.17547830623087e-37]},"status":{"mt_138cable":"LOCALLY_SOLVED","mt_230cable_aluminum":"LOCALLY_SOLVED","mt_138":"LOCALLY_SOLVED","base138cable":"LOCALLY_SOLVED","base230cable":"LOCALLY_INFEASIBLE","br119_cable":"LOCALLY_SOLVED","mt_230_aluminum":"LOCALLY_SOLVED","mt_230cable":"LOCALLY_SOLVED","base230":"LOCALLY_SOLVED","base":"LOCALLY_SOLVED","base138":"LOCALLY_SOLVED","mt_230":"LOCALLY_SOLVED"},"CPU time (s)":{"mt_138cable":0.35400000000000004,"mt_230cable_aluminum":0.676,"mt_138":0.383,"base138cable":0.324,"base230cable":8.016,"br119_cable":0.493,"mt_230_aluminum":0.6880000000000001,"mt_230cable":0.399,"base230":0.28400000000000003,"base":0.29000000000000004,"base138":0.334,"mt_230":0.764},"iterations":{"mt_138cable":28,"mt_230cable_aluminum":46,"mt_138":30,"base138cable":28,"base230cable":619,"br119_cable":30,"mt_230_aluminum":52,"mt_230cable":32,"base230":24,"base":24,"base138":24,"mt_230":52},"total time (s)":{"mt_138cable":0.40812884,"mt_230cable_aluminum":0.74003197,"mt_138":0.45127435,"base138cable":0.415926124,"base230cable":8.133756716,"br119_cable":0.561421658,"mt_230_aluminum":0.742201502,"mt_230cable":0.489862407,"base230":0.334567293,"base":0.344828987,"base138":0.400819918,"mt_230":0.834058966},"subnet":{"mt_138cable":[5,4,6,7,2,3,1],"mt_230cable_aluminum":[5,4,6,2,3,1],"mt_138":[5,4,6,7,2,3,1],"base138cable":[1],"base230cable":[1],"br119_cable":[2,1],"mt_230_aluminum":[5,4,6,2,3,1],"mt_230cable":[5,4,6,2,3,1],"base230":[1],"base":[1],"base138":[1],"mt_230":[5,4,6,2,3,1]},"cost":{"mt_138cable":[0.0,4492.388394774276,0.0,0.0,0.0,1715.0108835544188,225214.50815758095],"mt_230cable_aluminum":[16977.829737653767,8940.558693294402,1137.662339638354,0.0,0.0,211145.26514476532],"mt_138":[0.0,3919.63172183749,0.0,0.0,0.0,1715.010883554122,226660.1994694616],"base138cable":[238351.59332949595],"base230cable":[240835.03463141393],"br119_cable":[0.0,238450.01273987503],"mt_230_aluminum":[16977.829737631815,8940.558693390394,1137.6623396374723,0.0,0.0,211773.62373536886],"mt_230cable":[16977.829737624656,8940.55869333479,1137.6623396375285,0.0,0.0,211040.30872885807],"base230":[238401.77741016157],"base":[238401.77741016157],"base138":[238401.77741016157],"mt_230":[16977.829737631815,8940.558693390394,1137.6623396374723,0.0,0.0,211773.62373536886]},"generation":{"mt_138cable":[0.0,3.84,0.0,0.0,0.0,1.92,81.18005777483174],"mt_230cable_aluminum":[3.55,1.7,3.0999999999999996,0.0,0.0,78.54644151044646],"mt_138":[0.0,3.7199999999999998,0.0,0.0,0.0,1.92,81.4711090384892],"base138cable":[86.9254420870307],"base230cable":[83.45495292514669],"br119_cable":[0.0,86.94443479282073],"mt_230_aluminum":[3.55,1.7,3.0999999999999996,0.0,0.0,78.66769865350413],"mt_230cable":[3.55,1.7,3.0999999999999996,0.0,0.0,78.5272024861758],"base230":[86.93512650176952],"base":[86.93512650176952],"base138":[86.93512650176952],"mt_230":[3.55,1.7,3.0999999999999996,0.0,0.0,78.66769865350413]},"line loss":{"mt_138cable":[0.0,0.0,0.0,0.0,0.03869247320295615,0.0,1.401366433404094],"mt_230cable_aluminum":[0.0,0.0,0.0,0.0839115778238857,0.0,1.3125310955352207],"mt_138":[0.0,0.0,0.0,0.0,0.20507945351454487,0.0,1.4060306968079221],"base138cable":[1.4254432499075376],"base230cable":[2.564953938159027],"br119_cable":[0.017487425331659368,1.4221550572555315],"mt_230_aluminum":[0.0,0.0,0.0,0.18795789100202787,0.0,1.3297419254073448],"mt_230cable":[0.0,0.0,0.0,0.06594299387072633,0.0,1.3112606196690917],"base230":[1.4351276646439857],"base":[1.4351276646439857],"base138":[1.4351276646439857],"mt_230":[0.0,0.0,0.0,0.18795789100202787,0.0,1.3297419254073448]}}