gen,bus,pg,qg,pgmin,pgmax,qgmin,qgmax
1,1,1.2606443421992435,0.0,0.0,3.324,0.0,0.1
2,2,1.0118484402531107,-0.07247213484569834,0.0,1.4,-0.4,0.5
3,3,1.0,0.37675441484385097,0.0,1.0,0.0,0.4
