bus,vm,va,vmin,vmax
4,1.039760635230589,-11.012467378003514,0.94,1.06
2,1.0374874297905345,-3.98750332380222,0.94,1.06
3,1.0119716478239544,-15.19915117294845,0.94,1.06
5,1.054974673264709,-8.902635602141412,0.94,1.06
1,1.06,-1.2050310222620137e-30,0.94,1.06
