interface,subnetwork,bus,p_int,q_int,s_int
2,1,4,0.7398674167347299,0.29345691799311446,0.7959401717866362
2,2,4,-0.7398674167347299,0.02121892499726524,0.7401716268027045
1,1,5,0.1504473404909659,0.3025371652519038,0.33788036139950833
1,2,5,-0.1504473404909659,0.27126438909946415,0.31019150706347537
