gen,bus,pg,qg,pgmin,pgmax,qgmin,qgmax
1,6,1.0,0.17928273066033923,0.0,1.0,-0.06,0.24
2,8,1.0,0.19086529884354297,0.0,1.0,-0.06,0.24
