subnet,f,fmin,fmax,min_v,max_v,avg_v,ngen_Qll,ngen_Qul,ngen,minQloss,maxQloss,n_negQloss,n_s_bound,max_ang_diff,min_ang_diff,nbranch,total_loss,cost,time_s,status
2,100.0,100.0,100.0,1.0119716478239544,1.06,1.0408388772219574,1,0,3,-0.039867713479252095,0.044306173645195714,5,1,11.21164784914623,-4.186683794944934,7,0.0641780352257888,20088.41024913016,0.050741801,LOCALLY_SOLVED
1,60.0,60.0,60.0,0.9800658394821624,1.06,1.0318304541421992,0,0,2,0.0003604192080403513,0.16248403994298005,0,0,4.344003269800842,-9.180120012189397,13,0.028314777223326974,20088.41024913016,0.050741801,LOCALLY_SOLVED
