gen,bus,pg,qg,pgmin,pgmax,qgmin,qgmax
1,1,1.9426204026491567,0.0,0.0,3.324,0.0,0.1
2,2,0.3669971698517254,0.22009908932410283,0.0,1.4,-0.4,0.5
3,3,0.2862518575410558,0.2513037466194906,0.0,1.0,0.0,0.4
4,6,0.0,0.1274822352065314,0.0,1.0,-0.06,0.24
5,8,0.08678070260951279,0.03561973892094276,0.0,1.0,-0.06,0.24
