gen,bus,pg,qg,pgmin,pgmax,qgmin,qgmax
1,1,1.9433026156825783,0.0,0.0,3.324,0.0,0.1
2,2,0.3671917776183815,0.2368527829511994,0.0,1.4,-0.4,0.5
3,3,0.28742774651023084,0.2412690695879878,0.0,1.0,0.0,0.4
4,6,0.0,0.11545902661000491,0.0,1.0,-0.06,0.24
5,8,0.08494990649958328,0.08273039654389086,0.0,1.0,-0.06,0.24
