{"frequency (Hz)":[50.0,60.0],"loss (p.u.)":[0.007406542515196171,0.0058120103579441945],"status":"LOCALLY_SOLVED","subnet":[2,1],"cost (USD)":[6189.212273738597,3241.266286754542]}