subnet,f,fmin,fmax,min_v,max_v,avg_v,ngen_Qll,ngen_Qul,ngen,minQloss,maxQloss,n_negQloss,n_s_bound,max_ang_diff,min_ang_diff,nbranch,loss,cost,objective,time_s,status
2,50.0,50.0,50.0,0.9948504308268366,1.011192964526979,1.0012367062328842,1,0,3,-0.04289859553909517,6.777937838337283e-6,6,0,1.9715139851264059,-0.02985176180798971,7,0.007406542515196171,6189.212273738597,9430.478560493139,0.147641274,LOCALLY_SOLVED
1,60.0,60.0,60.0,1.0075631393208668,1.06,1.0431282687101928,0,0,2,5.9737247274050005e-5,0.0616546028200557,0,0,3.553194314376275,-5.680933241035735,13,0.0058120103579441945,3241.266286754542,9430.478560493139,0.147641274,LOCALLY_SOLVED
