gen,bus,pg,qg,pgmin,pgmax,qgmin,qgmax,pbase,qbase
2,2,0.4568852154749479,0.11221995135844276,0.0,1.4,-0.4,0.5,0.4,0.424
3,3,0.9515223719584188,0.11893208678899793,0.0,1.0,0.0,0.4,0.0,0.23399999999999999
1,1,0.3949214578639096,0.0,0.0,3.324,0.0,0.1,2.324,-0.16899999999999998
