bus,vm,va,vmin,vmax
4,0.9948504308268366,-2.001365746934395,0.94,1.06
2,1.0070055338453918,-0.5415337068536666,0.94,1.06
3,0.998224237336199,-1.2049770180229253,0.94,1.06
5,0.994910364629014,-1.9715139851264059,0.94,1.06
1,1.011192964526979,3.590668254541944e-32,0.94,1.06
