interface,subnetwork,bus,p_int,q_int,s_int
2,1,4,0.2791198096951541,0.10666044335140253,0.29880481646080737
2,2,4,-0.2791198096951541,-0.007191132720570986,0.27921242908234567
1,1,5,0.35780269308692597,0.11515071700695885,0.37587558421301276
1,2,5,-0.35780269308692597,-0.0767858111283203,0.36594921501608796
