gen,bus,pg,qg,pgmin,pgmax,qgmin,qgmax,pbase,qbase
2,8,0.6203658874683063,0.006521000178777233,0.0,1.0,-0.06,0.24,0.0,0.174
1,6,0.17952362010755774,0.10050572077238112,0.0,1.0,-0.06,0.24,0.0,0.122
