bus,vm,va,vmin,vmax
4,0.9445276857663419,-3.538624578503995,0.94,1.06
2,0.9721870847384751,-1.1643919897332966,0.94,1.06
3,0.9411324409182058,-4.528171608605775,0.94,1.06
5,0.94,-3.362802558538558,0.94,1.06
1,0.9762994687768849,1.806909291503247e-30,0.94,1.06
