gen,bus,pg,qg,pgmin,pgmax,qgmin,qgmax
1,1,0.35238142204158085,0.0,0.0,3.324,0.0,0.1
2,2,0.5392434073255221,0.2558432880696885,0.0,1.4,-0.4,0.5
3,3,1.0,0.14761479323347834,0.0,1.0,0.0,0.4
