interface,subnetwork,bus,p_int,q_int,s_int
2,1,4,0.11360512931891258,0.22766348370263495,0.2544342493045832
2,2,4,-0.11360512931891258,-0.0280393356669429,0.1170142288450868
1,1,5,0.26371600521690153,0.15634909225053914,0.30657979394462453
1,2,5,-0.26371600521690153,-0.26781197804731033,0.37585820064643244
