gen,bus,pg,qg,pgmin,pgmax,qgmin,qgmax
1,6,0.4949878791059598,0.11405536378030606,0.0,1.0,-0.06,0.24
2,8,1.0,0.11302346061780531,0.0,1.0,-0.06,0.24
