subnet,f,fmin,fmax,min_v,max_v,avg_v,ngen_Qll,ngen_Qul,ngen,minQloss,maxQloss,n_negQloss,n_s_bound,max_ang_diff,min_ang_diff,nbranch,total_loss,cost,time_s,status
2,100.0,100.0,100.0,0.94,0.9762994687768849,0.9548293360399814,1,0,3,-0.07953340452785568,0.0003968600857855442,6,0,3.363779618872479,-0.9895470301017797,7,0.00760370482377969,12768.091769334122,0.063725102,LOCALLY_SOLVED
1,60.0,60.0,60.0,1.013940699548267,1.06,1.0403602888966275,0,0,2,0.0001435735945965952,0.1603083200043111,0,0,3.1689846876376686,-9.15560859191483,13,0.012009023609689778,12768.091769334122,0.063725102,LOCALLY_SOLVED
