bus,vm,va,vmin,vmax
4,1.0918174937489051,5.868090172262019e-7,0.9,1.1
10,1.0999588482769358,5.116554501032402,0.9,1.1
2,1.0831005440993728,0.1195599819068816,0.9,1.1
3,1.0904596849366157,0.13122525590307024,0.9,1.1
1,1.0994677918111162,4.016095848954506,0.9,1.1
