gen,bus,pg,qg,pgmin,pgmax,qgmin,qgmax
1,1,0.39999817525119596,0.17392715345645388,0.0,0.4,-0.3,0.3
2,1,1.6999976604725917,0.6507626428341327,0.0,1.7,-1.275,1.275
3,3,1.948669619483422,1.8199315425284668,0.0,5.2,-3.9,3.9
4,4,5.36821955583428e-6,-1.2679628400140857,0.0,2.0,-1.5,1.5
5,10,6.0,2.201464534799588,0.0,6.0,-4.5,4.5
