subnet,f,fmin,fmax,min_v,max_v,avg_v,ngen_Qll,ngen_Qul,ngen,minQloss,maxQloss,n_negQloss,n_s_bound,max_ang_diff,min_ang_diff,nbranch,total_loss,cost,time_s,status
2,99.94980866741365,1.0,100.0,0.9400295861739867,0.9411983324440099,0.9406139593089983,0,0,0,0.24127722242509558,0.24127722242509558,0,0,-5.770190487617556,-5.770190487617556,1,0.011560399774229513,14956.024209579018,3.228624592,ITERATION_LIMIT
1,60.0,60.0,60.0,1.0831005440993728,1.0999588482769358,1.0929608725745892,0,0,5,-0.017034267981414386,0.19458621201710263,1,0,4.016095262145488,-1.100458652077896,6,0.06258141585635443,14956.024209579018,3.228624592,ITERATION_LIMIT
