bus,vm,va,vmin,vmax
2,0.9411983324440099,5.770311720794584,0.94,1.06
1,0.9400295861739867,0.00012123317702839564,0.94,1.06
