interface,subnetwork,bus,p_int,q_int,s_int
2,1,10,-2.3960368702269212,-2.4616945066166114,3.4352485393917602
2,2,2,2.3962895117378844,0.23744845036878343,2.4080251640395134
1,1,4,2.4086147699776803,2.744068420008096,3.651210293017969
1,2,1,-2.4083588384307366,0.0038320144120469538,2.4083618870472727
