branch,from_bus,to_bus,X,B,G,Bfr,Bto,p_from,p_to,q_from,q_to,p_loss,q_loss,s_from,s_to,rate_a,ang_deg,angmin,angmax
1,1,2,0.04947515529036976,-20.081216229995967,-0.30545372851007435,0.005611006129382807,0.00557958359447949,-2.408102941074113,2.3965425412998833,0.00383254281192813,0.23744467961316745,0.011560399774229513,0.24127722242509558,2.40810599085551,2.4082765887947137,2.4,-5.770190487617556,-29.999999999999996,29.999999999999996
