{"frequency (Hz)":{"mt_138cable":[60.0,60.0,60.0,60.0,0.0,60.0,60.0],"mt_230cable_aluminum":[60.0,60.0,60.0,0.0,60.0,60.0],"mt_138":[60.0,60.0,60.0,60.0,0.0,60.0,60.0],"base138cable":[60.0],"base230cable":[60.0],"br119_cable":[0.0,60.0],"mt_230_aluminum":[60.0,60.0,60.0,0.0,60.0,60.0],"mt_230cable":[60.0,60.0,60.0,0.0,60.0,60.0],"base230":[60.0],"base":[60.0],"base138":[60.0],"mt_230":[60.0,60.0,60.0,0.0,60.0,60.0]},"objective":{"mt_138cable":[231508.78584393652,231508.78584393652,231508.78584393652,231508.78584393652,231508.78584393652,231508.78584393652,231508.78584393652],"mt_230cable_aluminum":[238290.90137100947,238290.90137100947,238290.90137100947,238290.90137100947,238290.90137100947,238290.90137100947],"mt_138":[233002.65437441313,233002.65437441313,233002.65437441313,233002.65437441313,233002.65437441313,233002.65437441313,233002.65437441313],"base138cable":[238351.59332949595],"base230cable":[240835.03463141393],"br119_cable":[238440.87413266266,238440.87413266266],"mt_230_aluminum":[239332.8530329641,239332.8530329641,239332.8530329641,239332.8530329641,239332.8530329641,239332.8530329641],"mt_230cable":[238138.56412916188,238138.56412916188,238138.56412916188,238138.56412916188,238138.56412916188,238138.56412916188],"base230":[238401.77741016157],"base":[238401.77741016157],"base138":[238401.77741016157],"mt_230":[239332.8530329641,239332.8530329641,239332.8530329641,239332.8530329641,239332.8530329641,239332.8530329641]},"total loss":{"mt_138cable":[-0.74,2.87,-0.71,-1.36,0.0,0.8399999999999999,0.5571926137147756],"mt_230cable_aluminum":[3.55,-1.6300000000000001,3.0999999999999996,0.0,0.0,-3.6062701972987696],"mt_138":[-0.74,2.6976071820122405,-0.71,-1.36,0.0,0.8399999999999999,0.9797990607683857],"base138cable":[1.425442087030703],"base230cable":[-2.045047074853315],"br119_cable":[0.0,1.4426712596155795],"mt_230_aluminum":[3.55,-1.576023219854679,3.0999999999999996,0.0,0.0,-3.460000000000008],"mt_230cable":[3.55,-1.6300000000000001,3.0999999999999996,0.0,0.0,-3.635668509643452],"base230":[1.435126501769517],"base":[1.435126501769517],"base138":[1.435126501769517],"mt_230":[3.55,-1.576023219854679,3.0999999999999996,0.0,0.0,-3.460000000000008]},"converter loss":{"mt_138cable":[7.03559498468859e-39,7.03559498468859e-39,7.03559498468859e-39,7.03559498468859e-39,7.03559498468859e-39,7.03559498468859e-39,7.03559498468859e-39],"mt_230cable_aluminum":[3.094933012891471e-38,3.094933012891471e-38,3.094933012891471e-38,3.094933012891471e-38,3.094933012891471e-38,3.094933012891471e-38],"mt_138":[4.731808339533988e-40,4.731808339533988e-40,4.731808339533988e-40,4.731808339533988e-40,4.731808339533988e-40,4.731808339533988e-40,4.731808339533988e-40],"base138cable":[0.0],"base230cable":[0.0],"br119_cable":[0.004661325822966726,0.004661325822966726],"mt_230_aluminum":[5.350570038295344e-38,5.350570038295344e-38,5.350570038295344e-38,5.350570038295344e-38,5.350570038295344e-38,5.350570038295344e-38],"mt_230cable":[7.334215687619306e-38,7.334215687619306e-38,7.334215687619306e-38,7.334215687619306e-38,7.334215687619306e-38,7.334215687619306e-38],"base230":[0.0],"base":[0.0],"base138":[0.0],"mt_230":[5.350570038295344e-38,5.350570038295344e-38,5.350570038295344e-38,5.350570038295344e-38,5.350570038295344e-38,5.350570038295344e-38]},"status":{"mt_138cable":"LOCALLY_SOLVED","mt_230cable_aluminum":"LOCALLY_SOLVED","mt_138":"LOCALLY_SOLVED","base138cable":"LOCALLY_SOLVED","base230cable":"LOCALLY_INFEASIBLE","br119_cable":"LOCALLY_SOLVED","mt_230_aluminum":"LOCALLY_SOLVED","mt_230cable":"LOCALLY_SOLVED","base230":"LOCALLY_SOLVED","base":"LOCALLY_SOLVED","base138":"LOCALLY_SOLVED","mt_230":"LOCALLY_SOLVED"},"CPU time (s)":{"mt_138cable":0.365,"mt_230cable_aluminum":0.395,"mt_138":0.42000000000000004,"base138cable":0.337,"base230cable":8.982000000000001,"br119_cable":0.45399999999999996,"mt_230_aluminum":0.6880000000000001,"mt_230cable":0.658,"base230":0.29500000000000004,"base":0.29600000000000004,"base138":0.29100000000000004,"mt_230":0.682},"iterations":{"mt_138cable":28,"mt_230cable_aluminum":31,"mt_138":33,"base138cable":28,"base230cable":619,"br119_cable":31,"mt_230_aluminum":53,"mt_230cable":48,"base230":24,"base":24,"base138":24,"mt_230":53},"total time (s)":{"mt_138cable":0.45580323,"mt_230cable_aluminum":0.472315564,"mt_138":0.492667899,"base138cable":0.425925005,"base230cable":9.104372758,"br119_cable":0.518181623,"mt_230_aluminum":0.764737812,"mt_230cable":0.748400107,"base230":0.350049569,"base":0.362712533,"base138":0.34424704,"mt_230":0.753772823},"subnet":{"mt_138cable":[5,4,6,7,2,3,1],"mt_230cable_aluminum":[5,4,6,2,3,1],"mt_138":[5,4,6,7,2,3,1],"base138cable":[1],"base230cable":[1],"br119_cable":[2,1],"mt_230_aluminum":[5,4,6,2,3,1],"mt_230cable":[5,4,6,2,3,1],"base230":[1],"base":[1],"base138":[1],"mt_230":[5,4,6,2,3,1]},"cost":{"mt_138cable":[0.0,4492.388394727446,0.0,0.0,0.0,1715.0108835543901,225301.38656565468],"mt_230cable_aluminum":[16977.829737628937,8940.558693350345,1137.6623396375205,0.0,0.0,211234.85060039267],"mt_138":[0.0,3856.1279956417548,0.0,0.0,0.0,1715.010883540431,227431.51549523094],"base138cable":[238351.59332949595],"base230cable":[240835.03463141393],"br119_cable":[0.0,238440.87413266266],"mt_230_aluminum":[16977.82973763941,9224.518275344712,1137.6623396374505,0.0,0.0,211992.84268034252],"mt_230cable":[16977.829737626525,8940.558693340197,1137.6623396375262,0.0,0.0,211082.51335855763],"base230":[238401.77741016157],"base":[238401.77741016157],"base138":[238401.77741016157],"mt_230":[16977.82973763941,9224.518275344712,1137.6623396374505,0.0,0.0,211992.84268034252]},"generation":{"mt_138cable":[0.0,3.84,0.0,0.0,0.0,1.92,81.19719261371478],"mt_230cable_aluminum":[3.55,1.7,3.0999999999999996,0.0,0.0,78.56372980270123],"mt_138":[0.0,3.6676071820122402,0.0,0.0,0.0,1.92,81.61979906076839],"base138cable":[86.9254420870307],"base230cable":[83.45495292514669],"br119_cable":[0.0,86.94267125961558],"mt_230_aluminum":[3.55,1.753976780145321,3.0999999999999996,0.0,0.0,78.71],"mt_230cable":[3.55,1.7,3.0999999999999996,0.0,0.0,78.53433149035655],"base230":[86.93512650176952],"base":[86.93512650176952],"base138":[86.93512650176952],"mt_230":[3.55,1.753976780145321,3.0999999999999996,0.0,0.0,78.71]},"line loss":{"mt_138cable":[0.0,0.0,0.0,0.0,0.05585618843161,0.0,1.401337557053969],"mt_230cable_aluminum":[0.0,0.0,0.0,0.09842994404786409,0.0,1.3153010215015077],"mt_138":[0.0,0.0,0.0,0.0,0.30276440568019825,0.0,1.4046429639258302],"base138cable":[1.4254432499075376],"base230cable":[2.564953938159027],"br119_cable":[0.015052649156981263,1.4229584474918626],"mt_230_aluminum":[0.0,0.0,0.0,0.2730250953307859,0.0,1.3409529001838247],"mt_230cable":[0.0,0.0,0.0,0.07150068958443212,0.0,1.3128319635164414],"base230":[1.4351276646439857],"base":[1.4351276646439857],"base138":[1.4351276646439857],"mt_230":[0.0,0.0,0.0,0.2730250953307859,0.0,1.3409529001838247]}}