gen,bus,pg,qg,pgmin,pgmax,qgmin,qgmax
1,1,0.3768276612719099,0.0,0.0,3.324,0.0,0.1
2,2,0.4545959965371838,0.13185990073915338,0.0,1.4,-0.4,0.5
3,3,0.9372656769368634,0.11135932183047342,0.0,1.0,0.0,0.4
