gen,bus,pg,qg,pgmin,pgmax,qgmin,qgmax
1,1,1.9451974874868907,0.0,0.0,3.324,0.0,0.1
2,2,0.3671573605488791,0.07103070343975584,0.0,1.4,-0.4,0.5
3,3,0.28513614769758977,0.24030406241883234,0.0,1.0,0.0,0.4
