subnet,f,fmin,fmax,min_v,max_v,avg_v,ngen_Qll,ngen_Qul,ngen,minQloss,maxQloss,n_negQloss,n_s_bound,max_ang_diff,min_ang_diff,nbranch,total_loss,cost,time_s,status
2,100.0,100.0,100.0,1.0241134042249425,1.06,1.036107616790775,1,0,3,-0.023505724779004866,0.050876475542160814,2,0,12.555386242167447,-1.9546828334430364,7,0.08711475359784467,8078.5129428663195,0.042644813,LOCALLY_SOLVED
1,60.0,60.0,60.0,1.0091533418893384,1.06,1.0455491232303995,0,0,2,4.384505616994872e-5,0.0418249811348865,0,0,5.355840415942128,-0.7685012284063684,13,0.005191112289298706,8078.5129428663195,0.042644813,LOCALLY_SOLVED
