interface,subnetwork,bus,p_int,q_int,s_int
2,1,4,0.850282756506215,0.08447713289536715,0.8544689298002759
2,2,4,-0.850282756506215,0.03751221150052675,0.8511098237145824
1,1,5,0.5010934856293,0.13376599530603395,0.5186405526376966
1,2,5,-0.5010934856293,0.06358077897278543,0.5051110737203329
