gen,bus,pg,qg,pgmin,pgmax,qgmin,qgmax
1,6,0.0,0.10281916459936244,0.0,1.0,-0.06,0.24
2,8,0.0848148800818271,-0.029548010666106253,0.0,1.0,-0.06,0.24
