bus,vm,va,vmin,vmax
4,1.0255456249956587,-14.445876083234518,0.94,1.06
2,1.0398000622824293,-6.629422720941608,0.94,1.06
3,1.0241134042249425,-16.400558916677557,0.94,1.06
5,1.031078992450845,-12.555386242167447,0.94,1.06
1,1.06,9.10395754863068e-32,0.94,1.06
