bus,vm,va,vmin,vmax
4,1.034362009561044,-9.831307196162639,0.94,1.06
2,1.0405321859854182,-4.018466107194286,0.94,1.06
3,1.0286195996450298,-9.509496260982882,0.94,1.06
5,1.04345339093451,-9.044755680574843,0.94,1.06
1,1.06,9.373483932299019e-32,0.94,1.06
