interface,subnetwork,bus,p_int,q_int,s_int
2,1,4,0.6008035735003484,0.06433158175138799,0.6042379385154694
2,2,4,-0.6008035735003484,-0.03859923810497893,0.6020422203741805
1,1,5,0.5419302525328547,0.14248112226908807,0.5603474536511989
1,2,5,-0.5419302525328547,0.16048745220767766,0.5651943213855172
