gen,bus,pg,qg,pgmin,pgmax,qgmin,qgmax
1,1,1.269487159071729,0.0,0.0,3.324,0.0,0.1
2,2,0.4217585445502004,-0.12674335741753748,0.0,1.4,-0.4,0.5
3,3,0.6499231410045903,0.1373617996267979,0.0,1.0,0.0,0.4
