gen,bus,pg,qg,pgmin,pgmax,qgmin,qgmax
1,6,0.0,0.10414657939983357,0.0,1.0,-0.06,0.24
2,8,0.2941791040581611,-0.010159591237118301,0.0,1.0,-0.06,0.24
