subnet,f,fmin,fmax,min_v,max_v,avg_v,ngen_Qll,ngen_Qul,ngen,minQloss,maxQloss,n_negQloss,n_s_bound,max_ang_diff,min_ang_diff,nbranch,total_loss,cost,time_s,status
2,100.0,100.0,100.0,1.0286195996450298,1.06,1.0413934372252005,1,0,3,-0.04853729968888623,0.003933458245628962,6,1,9.044755680574843,-0.7865515155877965,7,0.03943501859331655,8347.953706096287,0.041575836,LOCALLY_SOLVED
1,60.0,60.0,60.0,1.010156183006053,1.06,1.0428705870685675,0,0,2,6.19734921338995e-5,0.05000467150843642,0,0,5.866230097865175,-2.685785659981302,13,0.0059129201689435765,8347.953706096287,0.041575836,LOCALLY_SOLVED
