{"frequency (Hz)":{"base230":[60.0],"mt_138cable":[60.0,60.0,60.0,60.0,0.0,60.0,60.0],"base":[60.0],"base138cable":[60.0],"mt_230_aluminum":[60.0,60.0,60.0,0.0,60.0,60.0],"mt_138":[60.0,60.0,60.0,60.0,0.0,60.0,60.0],"mt_230cable":[60.0,60.0,60.0,0.0,60.0,60.0],"base138":[60.0],"mt_230":[60.0,60.0,60.0,0.0,60.0,60.0],"base230cable":[60.0]},"objective":{"base230":[238401.77741016157],"mt_138cable":[231516.8510945465,231516.8510945465,231516.8510945465,231516.8510945465,231516.8510945465,231516.8510945465,231516.8510945465],"base":[238401.77741016157],"base138cable":[238351.59332949595],"mt_230_aluminum":[239332.8530329641,239332.8530329641,239332.8530329641,239332.8530329641,239332.8530329641,239332.8530329641],"mt_138":[233002.65437441313,233002.65437441313,233002.65437441313,233002.65437441313,233002.65437441313,233002.65437441313,233002.65437441313],"mt_230cable":[238120.14976659603,238120.14976659603,238120.14976659603,238120.14976659603,238120.14976659603,238120.14976659603],"base138":[238401.77741016157],"mt_230":[239332.8530329641,239332.8530329641,239332.8530329641,239332.8530329641,239332.8530329641,239332.8530329641],"base230cable":[240835.03463141393]},"total loss":{"base230":[1.435126501769517],"mt_138cable":[-0.74,2.87,-0.71,-1.36,0.0,0.8399999999999999,0.5588120460805897],"base":[1.435126501769517],"base138cable":[1.425442087030703],"mt_230_aluminum":[3.55,-1.576023219854679,3.0999999999999996,0.0,0.0,-3.460000000000008],"mt_138":[-0.74,2.6976071820122405,-0.71,-1.36,0.0,0.8399999999999999,0.9797990607683857],"mt_230cable":[3.55,-1.6300000000000001,3.0999999999999996,0.0,0.0,-3.639222184377658],"base138":[1.435126501769517],"mt_230":[3.55,-1.576023219854679,3.0999999999999996,0.0,0.0,-3.460000000000008],"base230cable":[-2.045047074853315]},"converter loss":{"base230":[0.0],"mt_138cable":[7.122094584834293e-39,7.122094584834293e-39,7.122094584834293e-39,7.122094584834293e-39,7.122094584834293e-39,7.122094584834293e-39,7.122094584834293e-39],"base":[0.0],"base138cable":[0.0],"mt_230_aluminum":[5.350570038295344e-38,5.350570038295344e-38,5.350570038295344e-38,5.350570038295344e-38,5.350570038295344e-38,5.350570038295344e-38],"mt_138":[4.731808339533988e-40,4.731808339533988e-40,4.731808339533988e-40,4.731808339533988e-40,4.731808339533988e-40,4.731808339533988e-40,4.731808339533988e-40],"mt_230cable":[4.551053841625205e-41,4.551053841625205e-41,4.551053841625205e-41,4.551053841625205e-41,4.551053841625205e-41,4.551053841625205e-41],"base138":[0.0],"mt_230":[5.350570038295344e-38,5.350570038295344e-38,5.350570038295344e-38,5.350570038295344e-38,5.350570038295344e-38,5.350570038295344e-38],"base230cable":[0.0]},"status":{"base230":"LOCALLY_SOLVED","mt_138cable":"LOCALLY_SOLVED","base":"LOCALLY_SOLVED","base138cable":"LOCALLY_SOLVED","mt_230_aluminum":"LOCALLY_SOLVED","mt_138":"LOCALLY_SOLVED","mt_230cable":"LOCALLY_SOLVED","base138":"LOCALLY_SOLVED","mt_230":"LOCALLY_SOLVED","base230cable":"LOCALLY_INFEASIBLE"},"CPU time (s)":{"base230":0.328,"mt_138cable":0.399,"base":0.31,"base138cable":0.41900000000000004,"mt_230_aluminum":0.71,"mt_138":0.42400000000000004,"mt_230cable":0.43099999999999994,"base138":0.307,"mt_230":0.717,"base230cable":9.049999999999999},"iterations":{"base230":24,"mt_138cable":29,"base":24,"base138cable":28,"mt_230_aluminum":53,"mt_138":33,"mt_230cable":32,"base138":24,"mt_230":53,"base230cable":619},"total time (s)":{"base230":0.404027579,"mt_138cable":0.463331194,"base":0.369287961,"base138cable":0.489737915,"mt_230_aluminum":0.775821063,"mt_138":0.491670666,"mt_230cable":0.493651152,"base138":0.376705028,"mt_230":0.806146201,"base230cable":9.182097955},"subnet":{"base230":[1],"mt_138cable":[5,4,6,7,2,3,1],"base":[1],"base138cable":[1],"mt_230_aluminum":[5,4,6,2,3,1],"mt_138":[5,4,6,7,2,3,1],"mt_230cable":[5,4,6,2,3,1],"base138":[1],"mt_230":[5,4,6,2,3,1],"base230cable":[1]},"cost":{"base230":[238401.77741016157],"mt_138cable":[0.0,4492.388394727643,0.0,0.0,0.0,1715.0108835543901,225309.45181626445],"base":[238401.77741016157],"base138cable":[238351.59332949595],"mt_230_aluminum":[16977.82973763941,9224.518275344712,1137.6623396374505,0.0,0.0,211992.84268034252],"mt_138":[0.0,3856.1279956417548,0.0,0.0,0.0,1715.010883540431,227431.51549523094],"mt_230cable":[16977.829737624357,8940.558693335239,1137.6623396375226,0.0,0.0,211064.0989959989],"base138":[238401.77741016157],"mt_230":[16977.82973763941,9224.518275344712,1137.6623396374505,0.0,0.0,211992.84268034252],"base230cable":[240835.03463141393]},"generation":{"base230":[86.93512650176952],"mt_138cable":[0.0,3.84,0.0,0.0,0.0,1.92,81.19881204608059],"base":[86.93512650176952],"base138cable":[86.9254420870307],"mt_230_aluminum":[3.55,1.753976780145321,3.0999999999999996,0.0,0.0,78.71],"mt_138":[0.0,3.6676071820122402,0.0,0.0,0.0,1.92,81.61979906076839],"mt_230cable":[3.55,1.7,3.0999999999999996,0.0,0.0,78.53077781562234],"base138":[86.93512650176952],"mt_230":[3.55,1.753976780145321,3.0999999999999996,0.0,0.0,78.71],"base230cable":[83.45495292514669]},"line loss":{"base230":[1.4351276646439857],"mt_138cable":[0.0,0.0,0.0,0.0,0.0574563666925121,0.0,1.4013568111592196],"base":[1.4351276646439857],"base138cable":[1.4254432499075376],"mt_230_aluminum":[0.0,0.0,0.0,0.2730250953307859,0.0,1.3409529001838247],"mt_138":[0.0,0.0,0.0,0.0,0.30276440568019825,0.0,1.4046429639258302],"mt_230cable":[0.0,0.0,0.0,0.06859262837182545,0.0,1.3121863498055304],"base138":[1.4351276646439857],"mt_230":[0.0,0.0,0.0,0.2730250953307859,0.0,1.3409529001838247],"base230cable":[2.564953938159027]}}