{"frequency (Hz)":[50.0,60.0],"loss (p.u.)":[0.008651060779147172,0.11750140422473711],"status":"ITERATION_LIMIT","subnet":[2,1],"cost (USD)":[6493.7993495242135,8177.094791454693]}