gen,bus,pg,qg,pgmin,pgmax,qgmin,qgmax,pbase,qbase
2,8,0.999917615042266,0.05466688279097905,0.0,1.0,-0.06,0.24,0.0,0.174
1,6,0.994628566272861,0.020742549282656026,0.0,1.0,-0.06,0.24,0.0,0.122
