bus,vm,va,vmin,vmax
4,0.9681668635835097,-1.7320354142976948,0.94,1.06
2,0.9521365615663154,-0.7178857415090877,0.94,1.06
3,0.9400764147631717,-2.7821335076224765,0.94,1.06
5,0.9427628292618014,-1.9368345920273995,0.94,1.06
1,0.9574207260819779,0.0001755033749978137,0.94,1.06
