subnet,f,fmin,fmax,min_v,max_v,avg_v,ngen_Qll,ngen_Qul,ngen,minQloss,maxQloss,n_negQloss,n_s_bound,max_ang_diff,min_ang_diff,nbranch,loss,cost,objective,time_s,status
2,50.0,50.0,50.0,0.9400764147631717,0.9681668635835097,0.9521126790513552,0,0,3,-0.03793934458816826,-0.00011174038445449508,7,0,2.064247766113389,-1.050098093324782,7,0.008651060779147172,6493.7993495242135,14670.894140978908,6.426144849,ITERATION_LIMIT
1,60.0,60.0,60.0,0.9544410899111282,1.0599233081293142,1.0082364510817194,0,0,2,0.0014902668940678942,0.1808163040028791,0,0,8.314606628732408,-10.34543489789156,13,0.11750140422473711,8177.094791454693,14670.894140978908,6.426144849,ITERATION_LIMIT
