gen,bus,pg,qg,pgmin,pgmax,qgmin,qgmax,pbase,qbase
2,2,0.4756464455166773,0.010729307681821251,0.0,1.4,-0.4,0.5,0.4,0.424
3,3,0.9999209694008768,0.1394402292021803,0.0,1.0,0.0,0.4,0.0,0.23399999999999999
1,1,0.4092001937582976,6.270018025589066e-5,0.0,3.324,0.0,0.1,2.324,-0.16899999999999998
