interface,subnetwork,bus,p_int,q_int,s_int
2,1,4,-0.4202622816411649,0.7021511221012994,0.8183132552014245
2,2,4,0.4201051246743125,0.8064314617694792,0.9092964413816205
1,1,5,0.6177160855857289,0.3951249532159272,0.7332781812144994
1,2,5,-0.6173155369890326,-0.6474990589884225,0.8946136057533165
