bus,vm,va,vmin,vmax
4,0.9447947049264824,-3.6073944779936133,0.94,1.06
2,0.9728386760205084,-1.1627763772752633,0.94,1.06
3,0.9454052179287589,-3.644710651507466,0.94,1.06
5,0.94,-3.8234691991520604,0.94,1.06
1,0.9769474961883136,3.9705432080281985e-32,0.94,1.06
