subnet,f,fmin,fmax,min_v,max_v,avg_v,ngen_Qll,ngen_Qul,ngen,minQloss,maxQloss,n_negQloss,n_s_bound,max_ang_diff,min_ang_diff,nbranch,total_loss,cost,time_s,status
2,100.0,100.0,100.0,0.94,0.9769474961883136,0.9559972190128125,1,0,3,-0.07965066750107068,0.000489805557211849,6,0,3.8234691991520604,-0.03731617351385271,7,0.007597574420239745,11642.917109693866,0.057219537,LOCALLY_SOLVED
1,60.0,60.0,60.0,1.0142242760538809,1.06,1.0421547154155906,0,0,2,0.00010462284437469643,0.14936204128342354,0,0,3.7708036863498706,-8.836588822721259,13,0.00928896065638347,11642.917109693866,0.057219537,LOCALLY_SOLVED
