gen,bus,pg,qg,pgmin,pgmax,qgmin,qgmax
1,1,0.3723053298337324,0.0,0.0,3.324,0.0,0.1
2,2,0.5039075888201974,0.23538597955739315,0.0,1.4,-0.4,0.5
3,3,1.0,0.13058656142928363,0.0,1.0,0.0,0.4
