gen,bus,pg,qg,pgmin,pgmax,qgmin,qgmax
1,6,0.28237940800934197,0.11045202552241183,0.0,1.0,-0.06,0.24
2,8,0.9662941984275519,0.08988083446994678,0.0,1.0,-0.06,0.24
