interface,subnetwork,bus,p_int,q_int,s_int
2,1,4,0.08560136198193166,0.20615619200537166,0.22322179256362348
2,2,4,-0.08560136198193166,-0.0422087438266103,0.09544197833543744
1,1,5,0.39221399223755793,0.15097791640256128,0.4202691363259762
1,2,5,-0.39221399223755793,-0.24906104075847774,0.46461082394905445
