gen,bus,pg,qg,pgmin,pgmax,qgmin,qgmax
1,6,0.0,0.10961638228852512,0.0,1.0,-0.06,0.24
2,8,0.42445692133916885,-0.009157364577266734,0.0,1.0,-0.06,0.24
