interface,subnetwork,bus,p_int,q_int,s_int
2,1,4,0.5718275376259371,0.10754068496165463,0.5818519843648935
2,2,4,-0.5718275376259371,-0.0427188375785582,0.573420990086172
1,1,5,0.5847254226558644,0.1647339080786268,0.6074875145802888
1,2,5,-0.5847254226558644,0.16597680814324653,0.6078257322140116
