gen,bus,pg,qg,pgmin,pgmax,qgmin,qgmax
1,1,1.2726532531627408,0.0,0.0,3.324,0.0,0.1
2,2,0.42833139036464885,-0.11487338122849805,0.0,1.4,-0.4,0.5
3,3,0.7694738467395579,0.15305144835366974,0.0,1.0,0.0,0.4
