subnet,f,fmin,fmax,min_v,max_v,avg_v,ngen_Qll,ngen_Qul,ngen,minQloss,maxQloss,n_negQloss,n_s_bound,max_ang_diff,min_ang_diff,nbranch,total_loss,cost,time_s,status
2,100.0,100.0,100.0,1.0290997393502195,1.06,1.04151209025487,1,0,3,-0.051238222013317875,0.0030019476327973055,6,1,9.106287555682249,-0.649828462537282,7,0.039005529985146115,9410.508956299513,0.043343772,LOCALLY_SOLVED
1,60.0,60.0,60.0,1.0137477731649547,1.06,1.043744769803826,0,0,2,6.909671860065233e-5,0.058104757251194544,0,0,6.288636958358633,-3.864618133836385,13,0.0069098721272896485,9410.508956299513,0.043343772,LOCALLY_SOLVED
