bus,vm,va,vmin,vmax
4,1.0344998788379458,-9.75611601821953,0.94,1.06
2,1.0405467312066639,-4.018596658483084,0.94,1.06
3,1.0290997393502195,-9.254739564796635,0.94,1.06
5,1.0434141018795207,-9.106287555682249,0.94,1.06
1,1.06,5.852053738295493e-33,0.94,1.06
