{"frequency (Hz)":{"mt_138cable":[60.0,60.0,60.0,60.0,0.0,60.0,60.0],"mt_230cable_aluminum":[60.0,60.0,60.0,0.0,60.0,60.0],"mt_138":[60.0,60.0,60.0,60.0,0.0,60.0,60.0],"base138cable":[60.0],"base230cable":[60.0],"br119_cable":[0.0,60.0],"mt_230_aluminum":[60.0,60.0,60.0,0.0,60.0,60.0],"mt_230cable":[60.0,60.0,60.0,0.0,60.0,60.0],"base230":[60.0],"base":[60.0],"base138":[60.0],"mt_230":[60.0,60.0,60.0,0.0,60.0,60.0]},"objective":{"mt_138cable":[231380.3723111475,231380.3723111475,231380.3723111475,231380.3723111475,231380.3723111475,231380.3723111475,231380.3723111475],"mt_230cable_aluminum":[238178.98436925907,238178.98436925907,238178.98436925907,238178.98436925907,238178.98436925907,238178.98436925907],"mt_138":[232035.1234333237,232035.1234333237,232035.1234333237,232035.1234333237,232035.1234333237,232035.1234333237,232035.1234333237],"base138cable":[238351.59332949595],"base230cable":[240835.03463141393],"br119_cable":[238464.5065139686,238464.5065139686],"mt_230_aluminum":[238575.6959091756,238575.6959091756,238575.6959091756,238575.6959091756,238575.6959091756,238575.6959091756],"mt_230cable":[238093.3445859633,238093.3445859633,238093.3445859633,238093.3445859633,238093.3445859633,238093.3445859633],"base230":[238401.77741016157],"base":[238401.77741016157],"base138":[238401.77741016157],"mt_230":[238575.6959091756,238575.6959091756,238575.6959091756,238575.6959091756,238575.6959091756,238575.6959091756]},"total loss":{"mt_138cable":[-0.74,2.87,-0.71,-1.36,0.0,0.8399999999999999,0.5319414510765483],"mt_230cable_aluminum":[3.55,-1.6300000000000001,3.0999999999999996,0.0,0.0,-3.627726008752717],"mt_138":[-0.74,2.75,-0.71,-1.36,0.0,0.8399999999999999,0.778792367176365],"base138cable":[1.425442087030703],"base230cable":[-2.045047074853315],"br119_cable":[0.0,1.4472317412975002],"mt_230_aluminum":[3.55,-1.6300000000000001,3.0999999999999996,0.0,0.0,-3.5513115607381422],"mt_230cable":[3.55,-1.6300000000000001,3.0999999999999996,0.0,0.0,-3.642589032372598],"base230":[1.435126501769517],"base":[1.435126501769517],"base138":[1.435126501769517],"mt_230":[3.55,-1.6300000000000001,3.0999999999999996,0.0,0.0,-3.5513115607381422]},"converter loss":{"mt_138cable":[2.0880573457987013e-39,2.0880573457987013e-39,2.0880573457987013e-39,2.0880573457987013e-39,2.0880573457987013e-39,2.0880573457987013e-39,2.0880573457987013e-39],"mt_230cable_aluminum":[2.1994605828398376e-40,2.1994605828398376e-40,2.1994605828398376e-40,2.1994605828398376e-40,2.1994605828398376e-40,2.1994605828398376e-40],"mt_138":[2.080031650199787e-40,2.080031650199787e-40,2.080031650199787e-40,2.080031650199787e-40,2.080031650199787e-40,2.080031650199787e-40,2.080031650199787e-40],"base138cable":[0.0],"base230cable":[0.0],"br119_cable":[0.004867712133947208,0.004867712133947208],"mt_230_aluminum":[3.5785305741753175e-39,3.5785305741753175e-39,3.5785305741753175e-39,3.5785305741753175e-39,3.5785305741753175e-39,3.5785305741753175e-39],"mt_230cable":[9.155595125371675e-40,9.155595125371675e-40,9.155595125371675e-40,9.155595125371675e-40,9.155595125371675e-40,9.155595125371675e-40],"base230":[0.0],"base":[0.0],"base138":[0.0],"mt_230":[3.5785305741753175e-39,3.5785305741753175e-39,3.5785305741753175e-39,3.5785305741753175e-39,3.5785305741753175e-39,3.5785305741753175e-39]},"status":{"mt_138cable":"LOCALLY_SOLVED","mt_230cable_aluminum":"LOCALLY_SOLVED","mt_138":"LOCALLY_SOLVED","base138cable":"LOCALLY_SOLVED","base230cable":"LOCALLY_INFEASIBLE","br119_cable":"LOCALLY_SOLVED","mt_230_aluminum":"LOCALLY_SOLVED","mt_230cable":"LOCALLY_SOLVED","base230":"LOCALLY_SOLVED","base":"LOCALLY_SOLVED","base138":"LOCALLY_SOLVED","mt_230":"LOCALLY_SOLVED"},"CPU time (s)":{"mt_138cable":0.321,"mt_230cable_aluminum":0.4,"mt_138":0.35300000000000004,"base138cable":0.322,"base230cable":8.246,"br119_cable":0.40900000000000003,"mt_230_aluminum":0.9570000000000001,"mt_230cable":0.5700000000000001,"base230":0.28600000000000003,"base":0.269,"base138":0.305,"mt_230":0.806},"iterations":{"mt_138cable":28,"mt_230cable_aluminum":32,"mt_138":31,"base138cable":28,"base230cable":619,"br119_cable":30,"mt_230_aluminum":62,"mt_230cable":32,"base230":24,"base":24,"base138":24,"mt_230":62},"total time (s)":{"mt_138cable":0.371154447,"mt_230cable_aluminum":0.452807194,"mt_138":0.407098038,"base138cable":0.414051293,"base230cable":8.342205773,"br119_cable":0.472319707,"mt_230_aluminum":1.019055229,"mt_230cable":0.644356732,"base230":0.335231319,"base":0.324392357,"base138":0.359854199,"mt_230":0.86055119},"subnet":{"mt_138cable":[5,4,6,7,2,3,1],"mt_230cable_aluminum":[5,4,6,2,3,1],"mt_138":[5,4,6,7,2,3,1],"base138cable":[1],"base230cable":[1],"br119_cable":[2,1],"mt_230_aluminum":[5,4,6,2,3,1],"mt_230cable":[5,4,6,2,3,1],"base230":[1],"base":[1],"base138":[1],"mt_230":[5,4,6,2,3,1]},"cost":{"mt_138cable":[0.0,4492.38839478716,0.0,0.0,0.0,1715.0108835544331,225172.97303280592],"mt_230cable_aluminum":[16977.82973762445,8940.5586933348,1137.662339637526,0.0,0.0,211122.9335986623],"mt_138":[0.0,3919.63172186712,0.0,0.0,0.0,1715.0108835542205,226400.48082790236],"base138cable":[238351.59332949595],"base230cable":[240835.03463141393],"br119_cable":[0.0,238464.5065139686],"mt_230_aluminum":[16977.829737630746,8940.558693370082,1137.662339637492,0.0,0.0,211519.64513853728],"mt_230cable":[16977.829737624535,8940.558693334267,1137.66233963753,0.0,0.0,211037.29381536695],"base230":[238401.77741016157],"base":[238401.77741016157],"base138":[238401.77741016157],"mt_230":[16977.829737630746,8940.558693370082,1137.662339637492,0.0,0.0,211519.64513853728]},"generation":{"mt_138cable":[0.0,3.84,0.0,0.0,0.0,1.92,81.17194145107655],"mt_230cable_aluminum":[3.55,1.7,3.0999999999999996,0.0,0.0,78.54227399124728],"mt_138":[0.0,3.7199999999999998,0.0,0.0,0.0,1.92,81.41879236717637],"base138cable":[86.9254420870307],"base230cable":[83.45495292514669],"br119_cable":[0.0,86.9472317412975],"mt_230_aluminum":[3.55,1.7,3.0999999999999996,0.0,0.0,78.61868843926186],"mt_230cable":[3.55,1.7,3.0999999999999996,0.0,0.0,78.5274109676274],"base230":[86.93512650176952],"base":[86.93512650176952],"base138":[86.93512650176952],"mt_230":[3.55,1.7,3.0999999999999996,0.0,0.0,78.61868843926186]},"line loss":{"mt_138cable":[0.0,0.0,0.0,0.0,0.0304938976122674,0.0,1.4014486852389307],"mt_230cable_aluminum":[0.0,0.0,0.0,0.0811184017711033,0.0,1.3111567168410783],"mt_138":[0.0,0.0,0.0,0.0,0.1537337610160308,0.0,1.4050597179964264],"base138cable":[1.4254432499075376],"base230cable":[2.564953938159027],"br119_cable":[0.02062338098800351,1.4217418110057545],"mt_230_aluminum":[0.0,0.0,0.0,0.14563878497963256,0.0,1.3230508171722262],"mt_230cable":[0.0,0.0,0.0,0.06647081684183664,0.0,1.3109412781487022],"base230":[1.4351276646439857],"base":[1.4351276646439857],"base138":[1.4351276646439857],"mt_230":[0.0,0.0,0.0,0.14563878497963256,0.0,1.3230508171722262]}}