{"frequency (Hz)":{"base_br24out":[60.0],"base":[60.0],"br24_cable":[0.0,60.0],"br24":[0.0,60.0],"br24_cable2":[0.0,60.0],"base_cable":[60.0]},"objective":{"base_br24out":[829496.1676406303],"base":[546132.6288400585],"br24_cable":[512862.75958015904,512862.75958015904],"br24":[490839.78584462695,490839.78584462695],"br24_cable2":[512862.75958015904,512862.75958015904],"base_cable":[766089.0437254966]},"total loss":{"base_br24out":[2.720608310413269],"base":[3.5714305684781635],"br24_cable":[0.0,3.5596155735283332],"br24":[0.0,3.7422462183443344],"br24_cable2":[0.0,3.5596155735283332],"base_cable":[2.816688541659758]},"converter loss":{"base_br24out":[0.0],"base":[0.0],"br24_cable":[0.017690055447668364,0.017690055447668364],"br24":[0.022431099284729895,0.022431099284729895],"br24_cable2":[0.017690055447668364,0.017690055447668364],"base_cable":[0.0]},"status":{"base_br24out":"LOCALLY_SOLVED","base":"LOCALLY_SOLVED","br24_cable":"LOCALLY_SOLVED","br24":"LOCALLY_SOLVED","br24_cable2":"LOCALLY_SOLVED","base_cable":"LOCALLY_SOLVED"},"CPU time (s)":{"base_br24out":0.657,"base":1.0979999999999999,"br24_cable":1.051,"br24":1.3279999999999998,"br24_cable2":1.242,"base_cable":0.562},"iterations":{"base_br24out":44,"base":85,"br24_cable":83,"br24":100,"br24_cable2":83,"base_cable":47},"total time (s)":{"base_br24out":0.716119037,"base":1.157946081,"br24_cable":1.128974744,"br24":1.406896897,"br24_cable2":1.305533596,"base_cable":0.618363312},"subnet":{"base_br24out":[1],"base":[1],"br24_cable":[2,1],"br24":[2,1],"br24_cable2":[2,1],"base_cable":[1]},"cost":{"base_br24out":[829496.1676406303],"base":[546132.6288400585],"br24_cable":[0.0,512862.75958015904],"br24":[0.0,490839.78584462695],"br24_cable2":[0.0,512862.75958015904],"base_cable":[766089.0437254966]},"generation":{"base_br24out":[88.22060831041327],"base":[89.07143056847816],"br24_cable":[0.0,89.05961557352833],"br24":[0.0,89.24224621834433],"br24_cable2":[0.0,89.05961557352833],"base_cable":[88.31668854165976]},"line loss":{"base_br24out":[2.720609220178357],"base":[3.571431549604611],"br24_cable":[0.23498388195459885,3.3069425869135953],"br24":[0.454560370162322,3.265255690108699],"br24_cable2":[0.23498388195459885,3.3069425869135953],"base_cable":[2.8166894358959844]}}