subnet,f,fmin,fmax,min_v,max_v,avg_v,ngen_Qll,ngen_Qul,ngen,minQloss,maxQloss,n_negQloss,n_s_bound,max_ang_diff,min_ang_diff,nbranch,total_loss,converter_loss,cost,objective,time_s,status,network
1,60.0,60.0,60.0,0.95,1.05,1.0193010569088183,2,22,96,-2.6130295946295314,2.984046273635933,44,3,30.000000572957536,-15.751254127749354,120,3.5714305684781635,0.0,546132.6288400585,546132.6288400585,1.157946081,LOCALLY_SOLVED,"basek_cond=2_3,k_ins=sqrt(2)"
1,60.0,60.0,60.0,0.9540920652459624,1.05,1.0307593047914134,0,28,96,-2.6026369536449696,2.694927534276196,56,2,30.000000572957525,-15.654320331338644,119,2.720608310413269,0.0,829496.1676406303,829496.1676406303,0.716119037,LOCALLY_SOLVED,"base_br24outk_cond=2_3,k_ins=sqrt(2)"
1,60.0,60.0,60.0,0.9538916845307048,1.05,1.0311856609691559,0,28,96,-2.645472052866582,2.834872745148432,53,2,30.00000057295753,-15.943619751741457,120,2.816688541659758,0.0,766089.0437254966,766089.0437254966,0.618363312,LOCALLY_SOLVED,"base_cablek_cond=2_3,k_ins=sqrt(2)"
2,0.0,0.0,0.0,1.0230797779889922,1.1,1.0615398917444836,0,0,0,0.0,0.0,0,1,NaN,NaN,3,0.0,0.022431099284729895,0.0,490839.78584462695,1.406896897,LOCALLY_SOLVED,"br24k_cond=2_3,k_ins=sqrt(2)"
1,60.0,60.0,60.0,0.95,1.0507578861368077,1.0160407078778084,0,25,96,-2.582676110572124,2.534965301624347,44,2,30.000000572957525,-15.292275998494397,121,3.7422462183443344,0.022431099284729895,490839.78584462695,490839.78584462695,1.406896897,LOCALLY_SOLVED,"br24k_cond=2_3,k_ins=sqrt(2)"
2,0.0,0.0,0.0,1.0507680798213648,1.1,1.075384042660481,0,0,0,0.0,0.0,0,1,NaN,NaN,3,0.0,0.017690055447668364,0.0,512862.75958015904,1.128974744,LOCALLY_SOLVED,"br24_cablek_cond=2_3,k_ins=sqrt(2)"
1,60.0,60.0,60.0,0.9521519653116975,1.0508082714917015,1.0186750867814423,0,25,96,-2.5870813464846716,2.6769538541021167,43,3,30.00000057295751,-14.803755038416734,121,3.5596155735283332,0.017690055447668364,512862.75958015904,512862.75958015904,1.128974744,LOCALLY_SOLVED,"br24_cablek_cond=2_3,k_ins=sqrt(2)"
2,0.0,0.0,0.0,1.0507680798213648,1.1,1.075384042660481,0,0,0,0.0,0.0,0,1,NaN,NaN,3,0.0,0.017690055447668364,0.0,512862.75958015904,1.305533596,LOCALLY_SOLVED,"br24_cable2k_cond=2_3,k_ins=sqrt(2)"
1,60.0,60.0,60.0,0.9521519653116975,1.0508082714917015,1.0186750867814423,0,25,96,-2.5870813464846716,2.6769538541021167,43,3,30.00000057295751,-14.803755038416734,121,3.5596155735283332,0.017690055447668364,512862.75958015904,512862.75958015904,1.305533596,LOCALLY_SOLVED,"br24_cable2k_cond=2_3,k_ins=sqrt(2)"
