gen,bus,pg,qg,pgmin,pgmax,qgmin,qgmax
1,6,0.0,0.1036405060383565,0.0,1.0,-0.06,0.24
2,8,0.20820064461824317,-0.017966799187498002,0.0,1.0,-0.06,0.24
