interface,subnetwork,bus,p_int,q_int,s_int
2,1,4,0.7031915776724741,0.06853117947930147,0.7065231188505635
2,2,4,-0.7031915776724741,-0.01139736869521256,0.703283936204061
1,1,5,0.5251773505649667,0.13877360398216,0.5432028743560138
1,2,5,-0.5251773505649667,0.15690452055558532,0.5481152051505377
