subnet,f,fmin,fmax,min_v,max_v,avg_v,ngen_Qll,ngen_Qul,ngen,minQloss,maxQloss,n_negQloss,n_s_bound,max_ang_diff,min_ang_diff,nbranch,total_loss,cost,time_s,status
2,100.0,100.0,100.0,1.026731008848979,1.06,1.0398695005620417,1,0,3,-0.030229709333422436,0.00776770634501632,5,1,10.48375752742518,-1.2204026257540352,7,0.05607927607468341,8174.113146999065,0.045387288,LOCALLY_SOLVED
1,60.0,60.0,60.0,1.009726193420395,1.06,1.0439492316481191,0,0,2,5.407097705386211e-5,0.04655713718937503,0,0,5.657020416975507,-1.8944271055584254,13,0.005569562931046455,8174.113146999065,0.045387288,LOCALLY_SOLVED
