bus,vm,va,vmin,vmax
4,1.032334501007372,-11.704160153179215,0.94,1.06
2,1.0391563763533227,-5.06328029541307,0.94,1.06
3,1.026731008848979,-12.294363099447997,0.94,1.06
5,1.0411256166005358,-10.48375752742518,0.94,1.06
1,1.06,4.8409107830605043e-32,0.94,1.06
