gen,bus,pg,qg,pgmin,pgmax,qgmin,qgmax
1,1,1.543492472830236,0.0,0.0,3.324,0.0,0.1
2,2,0.39944148325994355,-0.08889682748171342,0.0,1.4,-0.4,0.5
3,3,0.500514248221945,0.1739957890137266,0.0,1.0,0.0,0.4
