{"frequency (Hz)":{"4":[31.0,60.0],"2":[11.0,60.0],"3":[21.0,60.0],"5":[41.0,60.0],"6":[51.0,60.0],"1":[1.0,60.0]},"total loss":{"4":[0.0,1.4323733717875058],"2":[0.0,1.4323733716903462],"3":[0.0,1.432373371690332],"5":[0.0,1.43237337178752],"6":[0.0,1.4323733716903604],"1":[0.0,1.4323733716903746]},"converter loss":{"4":[0.0,0.0],"2":[1.0703373934123206e-40,1.0703373934123206e-40],"3":[1.1923990635166448e-40,1.1923990635166448e-40],"5":[6.635726350700186e-42,6.635726350700186e-42],"6":[2.071264794789056e-40,2.071264794789056e-40],"1":[6.155825471429636e-41,6.155825471429636e-41]},"status":{"4":"LOCALLY_SOLVED","2":"LOCALLY_SOLVED","3":"LOCALLY_SOLVED","5":"LOCALLY_SOLVED","6":"LOCALLY_SOLVED","1":"LOCALLY_SOLVED"},"CPU time (s)":{"4":0.255,"2":0.29300000000000004,"3":0.28900000000000003,"5":0.276,"6":0.28200000000000003,"1":0.28900000000000003},"iterations":{"4":26,"2":30,"3":29,"5":28,"6":28,"1":29},"total time (s)":{"4":0.308409401,"2":0.34802859,"3":0.339250758,"5":0.335672506,"6":0.337603583,"1":2.381458825},"subnet":{"4":[2,1],"2":[2,1],"3":[2,1],"5":[2,1],"6":[2,1],"1":[2,1]},"cost":{"4":[0.0,238388.47951653413],"2":[0.0,238388.47951631484],"3":[0.0,238388.47951631487],"5":[0.0,238388.4795165342],"6":[0.0,238388.47951631495],"1":[0.0,238388.47951631504]},"generation":{"4":[0.0,86.9323733717875],"2":[0.0,86.93237337169035],"3":[0.0,86.93237337169033],"5":[0.0,86.93237337178752],"6":[0.0,86.93237337169036],"1":[0.0,86.93237337169037]},"line loss":{"4":[0.009231195144018378,1.4231433395116695],"2":[0.009231195143509563,1.4231433394990107],"3":[0.009231195143482807,1.423143339499032],"5":[0.009231195143977966,1.4231433395117228],"6":[0.009231195143431514,1.4231433394990995],"1":[0.009231195143503346,1.4231433394990503]}}