{"frequency (Hz)":[51.0,60.0],"total loss":[0.0,1.4323733716903604],"converter loss":[2.071264794789056e-40,2.071264794789056e-40],"status":"LOCALLY_SOLVED","CPU time (s)":0.28200000000000003,"iterations":28,"total time (s)":0.337603583,"subnet":[2,1],"cost":[0.0,238388.47951631495],"generation":[0.0,86.93237337169036],"line loss":[0.009231195143431514,1.4231433394990995]}