bus,vm,va,vmin,vmax
2,1.1,2.21482256176976,0.9,1.1
1,1.0894456457736312,5.183760983249909e-35,0.9,1.1
