interface,subnetwork,bus,p_int,q_int,s_int
2,1,110,-0.8932183522338291,1.0047343518782648,1.344369793848238
2,2,2,0.8932183522338291,-1.264540775228607,1.5481932686144464
1,1,106,0.8839871570903975,1.35592626023749,1.6186319276173904
1,2,1,-0.8839871570903975,-1.2062025731148736,1.4954457333148887
