branch,from_bus,to_bus,X,B,G,Bfr,Bto,p_from,p_to,q_from,q_to,p_loss,q_loss,s_from,s_to,rate_a,ang_deg,angmin,angmax
10,1,2,0.05185000000000001,-17.975868653083932,4.853657881256992,1.0450750000000002,1.0450750000000002,-0.8839871570903975,0.8932183522338291,-1.2062025731148736,-1.264540775228607,0.009231195143431514,-2.470743348343481,1.4954457333148887,1.5481932686144464,1.75,-2.21482256176976,-60.0001403060998,60.0001403060998
