subnet,f,fmin,fmax,min_v,max_v,avg_v,ngen_Qll,ngen_Qul,ngen,minQloss,maxQloss,n_negQloss,n_s_bound,max_ang_diff,min_ang_diff,nbranch,total_loss,converter_loss,cost,objective,time_s,status
2,51.0,51.0,51.0,1.0894456457736312,1.1,1.0947228228868155,0,0,0,-2.470743348343481,-2.470743348343481,1,0,-2.21482256176976,-2.21482256176976,1,0.0,2.071264794789056e-40,0.0,238388.47951631495,0.337603583,LOCALLY_SOLVED
1,60.0,60.0,60.0,0.9556811515933978,1.05,1.0338988885222276,1,23,96,-2.5950865504382383,0.4694424769344794,67,0,6.285029429980274,-14.306795036062919,119,1.4323733716903604,2.071264794789056e-40,238388.47951631495,238388.47951631495,0.337603583,LOCALLY_SOLVED
