{"frequency (Hz)":{"br70":[60.0,60.0],"br24":[48.756750606661704,60.0],"base_cable":[60.0],"base_br24out":[60.0],"br24_cable":[1.6525411288789589,60.0],"br119_cable":[7.8847303889800795,60.0],"br119":[40.27346092644236,60.0],"base":[60.0],"br70_cable":[0.1,60.0],"br119_cable_aluminum":[8.06882348111175,60.0],"br64_cable":[1.4400069252209329,60.0],"br64":[49.70251478400081,60.0]},"objective":{"br70":[540567.9199726707,540567.9199726707],"br24":[485366.15276477736,485366.15276477736],"base_cable":[652795.6741658192],"base_br24out":[829496.1676406303],"br24_cable":[806022.1130671724,806022.1130671724],"br119_cable":[529347.6501001059,529347.6501001059],"br119":[478911.62459657714,478911.62459657714],"base":[546132.6288400585],"br70_cable":[538439.5653356737,538439.5653356737],"br119_cable_aluminum":[531325.9699429272,531325.9699429272],"br64_cable":[1.1065543489508478e6,1.1065543489508478e6],"br64":[538898.7970828292,538898.7970828292]},"total loss":{"br70":[0.0,3.5849296289118797],"br24":[0.0,3.65583750050304],"base_cable":[3.9558052424110883],"base_br24out":[2.720608310413269],"br24_cable":[0.0,3.0649535494574707],"br119_cable":[0.0,3.2525770836250842],"br119":[0.0,3.649889428863162],"base":[3.5714305684781635],"br70_cable":[0.0,3.5561817017411954],"br119_cable_aluminum":[0.0,3.2900673555268156],"br64_cable":[0.0,4.145084915108569],"br64":[0.0,3.653515875257966]},"converter loss":{"br70":[0.02316591170174622,0.02316591170174622],"br24":[0.0412537799855824,0.0412537799855824],"base_cable":[0.0],"base_br24out":[0.0],"br24_cable":[0.005150997344464352,0.005150997344464352],"br119_cable":[0.03198199338489162,0.03198199338489162],"br119":[0.040200476289009274,0.040200476289009274],"base":[0.0],"br70_cable":[0.023339125722133536,0.023339125722133536],"br119_cable_aluminum":[0.03192916683950192,0.03192916683950192],"br64_cable":[0.0086758417314949,0.0086758417314949],"br64":[0.030840677069478226,0.030840677069478226]},"status":{"br70":"LOCALLY_SOLVED","br24":"LOCALLY_SOLVED","base_cable":"LOCALLY_SOLVED","base_br24out":"LOCALLY_SOLVED","br24_cable":"LOCALLY_SOLVED","br119_cable":"LOCALLY_SOLVED","br119":"LOCALLY_SOLVED","base":"LOCALLY_SOLVED","br70_cable":"ALMOST_LOCALLY_SOLVED","br119_cable_aluminum":"LOCALLY_SOLVED","br64_cable":"LOCALLY_SOLVED","br64":"LOCALLY_SOLVED"},"CPU time (s)":{"br70":2.5789999999999997,"br24":11.208,"base_cable":1.02,"base_br24out":0.475,"br24_cable":21.267,"br119_cable":7.856,"br119":3.533,"base":0.8959999999999999,"br70_cable":15.064,"br119_cable_aluminum":6.777,"br64_cable":9.45,"br64":2.0389999999999997},"iterations":{"br70":195,"br24":721,"base_cable":96,"base_br24out":44,"br24_cable":1223,"br119_cable":542,"br119":297,"base":85,"br70_cable":952,"br119_cable_aluminum":487,"br64_cable":563,"br64":172},"total time (s)":{"br70":2.65385435,"br24":11.062133361,"base_cable":1.081708061,"base_br24out":0.578164698,"br24_cable":21.516654454,"br119_cable":8.024918364,"br119":3.622955716,"base":0.962879353,"br70_cable":15.223899855,"br119_cable_aluminum":6.898883711,"br64_cable":9.581527559,"br64":2.096511971},"subnet":{"br70":[2,1],"br24":[2,1],"base_cable":[1],"base_br24out":[1],"br24_cable":[2,1],"br119_cable":[2,1],"br119":[2,1],"base":[1],"br70_cable":[2,1],"br119_cable_aluminum":[2,1],"br64_cable":[2,1],"br64":[2,1]},"cost":{"br70":[0.0,540567.9199726707],"br24":[0.0,485366.15276477736],"base_cable":[652795.6741658192],"base_br24out":[829496.1676406303],"br24_cable":[0.0,806022.1130671724],"br119_cable":[0.0,529347.6501001059],"br119":[0.0,478911.62459657714],"base":[546132.6288400585],"br70_cable":[0.0,538439.5653356737],"br119_cable_aluminum":[0.0,531325.9699429272],"br64_cable":[0.0,1.1065543489508478e6],"br64":[0.0,538898.7970828292]},"generation":{"br70":[0.0,89.08492962891188],"br24":[0.0,89.15583750050304],"base_cable":[89.45580524241109],"base_br24out":[88.22060831041327],"br24_cable":[0.0,88.56495354945747],"br119_cable":[0.0,88.75257708362508],"br119":[0.0,89.14988942886316],"base":[89.07143056847816],"br70_cable":[0.0,89.0561817017412],"br119_cable_aluminum":[0.0,88.79006735552682],"br64_cable":[0.0,89.64508491510857],"br64":[0.0,89.15351587525797]},"line loss":{"br70":[0.03677853973973022,3.524986115020845],"br24":[0.349917069110818,3.264667592387452],"base_cable":[3.9558062232132203],"base_br24out":[2.720609220178357],"br24_cable":[0.32617404386263094,2.7336294180566068],"br119_cable":[0.05098413855917361,3.1696118499688337],"br119":[0.4547175852760663,3.1549722655855543],"base":[3.571431549604611],"br70_cable":[0.006669918934348651,3.52617359463193],"br119_cable_aluminum":[0.0795750846483605,3.178564042325375],"br64_cable":[0.670018459889142,3.466391574308901],"br64":[0.10372172442920569,3.518954454726515]}}