interface,subnetwork,bus,p_int,q_int,s_int
2,1,4,3.4095598699394065,1.4140595612091378,3.6911601088747426
2,2,2,-3.4095598699394065,0.04858133548797535,3.409905959533051
1,1,1,-3.441606643160288,0.6002446457933642,3.4935583465928586
1,2,1,3.441606643160288,-0.000566811427846633,3.441606689835464
