bus,vm,va,vmin,vmax
2,1.0502387922595375,-0.8256758184160659,0.94,1.06
1,1.06,3.1642039317363163e-27,0.94,1.06
