branch,from_bus,to_bus,X,B,G,Bfr,Bto,p_from,p_to,q_from,q_to,p_loss,q_loss,s_from,s_to,rate_a,ang_deg,angmin,angmax
1,1,2,0.004661273600992679,-150.51383082160493,98.1624519101885,0.0005044602022126946,0.0005044602022126946,3.441606643160288,-3.4095598699394065,-0.000566811427846633,0.04858133548797535,0.03204677322088134,0.04801452406012872,3.441606689835464,3.409905959533051,4.26,0.8256758184160659,-29.999999999999996,29.999999999999996
