bus,vm,va,vmin,vmax
4,1.0938242437730281,7.15148685023788e-33,0.9,1.1
10,1.1,3.3869409040546117,0.9,1.1
2,1.0843170764324896,-0.6990616109642764,0.9,1.1
3,1.0919186902003732,-0.33764485358555035,0.9,1.1
1,1.099029037444326,2.2899187890195654,0.9,1.1
