gen,bus,pg,qg,pgmin,pgmax,qgmin,qgmax
1,1,0.4,0.0006149244672296257,0.0,0.4,-0.3,0.3
2,1,1.7,0.011105179918931209,0.0,1.7,-1.275,1.275
3,3,1.988419305959866,1.8173148973110627,0.0,5.2,-3.9,3.9
4,4,0.0,0.03678092729748767,0.0,2.0,-1.5,1.5
5,10,6.0,-0.12198731248294871,0.0,6.0,-4.5,4.5
