{"frequency (Hz)":[50.0,60.0],"loss (p.u.)":[0.006323920593147361,0.020893312804838922],"status":"LOCALLY_SOLVED","subnet":[2,1],"cost (USD)":[6273.790240630089,7652.9769214358]}