interface,subnetwork,bus,p_int,q_int,s_int
2,1,4,0.08957986419510809,0.2754954391389776,0.2896934397869447
2,2,4,-0.08957986419510809,0.18650247768534434,0.20690028093742735
1,1,5,0.0653634536590692,0.17402806402829624,0.18589821985075075
1,2,5,-0.0653634536590692,-0.23235969475278573,0.24137814486785883
