bus,vm,va,vmin,vmax
4,0.9545954897029977,-1.5842008351425796,0.94,1.06
2,0.9566905481448812,-0.5942637927654072,0.94,1.06
3,0.944028580983349,-2.6282631770486606,0.94,1.06
5,0.9501866838620282,-1.1922821033279902,0.94,1.06
1,0.9612931362789725,-1.2792080374795143e-32,0.94,1.06
