subnet,f,fmin,fmax,min_v,max_v,avg_v,ngen_Qll,ngen_Qul,ngen,minQloss,maxQloss,n_negQloss,n_s_bound,max_ang_diff,min_ang_diff,nbranch,loss,cost,objective,time_s,status
2,50.0,50.0,50.0,0.944028580983349,0.9612931362789725,0.9533588877944457,1,0,3,-0.03835545192361994,0.001540371014681824,6,0,2.0339993842832533,-1.044062341906081,7,0.006323920593147361,6273.790240630089,13926.76716206589,0.046606417,LOCALLY_SOLVED
1,60.0,60.0,60.0,1.0009635758293751,1.06,1.0328794069325762,0,0,2,0.0002805619035004909,0.16402802320661136,0,0,2.978761676347518,-9.365875223581638,13,0.020893312804838922,7652.9769214358,13926.76716206589,0.046606417,LOCALLY_SOLVED
