gen,bus,pg,qg,pgmin,pgmax,qgmin,qgmax,pbase,qbase
2,2,0.47544717911828616,0.11516598423145614,0.0,1.4,-0.4,0.5,0.4,0.424
3,3,1.0,0.2202464063963882,0.0,1.0,0.0,0.4,0.0,0.23399999999999999
1,1,0.3084200493304644,0.0,0.0,3.324,0.0,0.1,2.324,-0.16899999999999998
