gen,bus,pg,qg,pgmin,pgmax,qgmin,qgmax,pbase,qbase
2,8,1.0,0.11686780955088098,0.0,1.0,-0.06,0.24,0.0,0.174
1,6,0.8693499849589851,0.12066706337195798,0.0,1.0,-0.06,0.24,0.0,0.122
