subnet,f,fmin,fmax,min_v,max_v,avg_v,ngen_Qll,ngen_Qul,ngen,minQloss,maxQloss,n_negQloss,n_s_bound,max_ang_diff,min_ang_diff,nbranch,total_loss,cost,time_s,status,network
1,60.0,60.0,60.0,1.0144610827734604,1.06,1.039361016591337,1,0,5,-0.01410909161361194,0.04233749411605077,2,0,7.42844330456649,-1.261025694035084,20,0.09287203640500084,8081.524734828332,0.038480786,LOCALLY_SOLVED,base
1,88.19644383855129,1.0,100.0,1.0169845396989505,1.06,1.0417836348379577,1,0,5,-0.020583855363953477,0.0569802032030959,2,0,10.96376541452823,-1.7906984578319702,20,0.09265012274411019,8080.856789187948,0.256599519,LOCALLY_SOLVED,base_var_f
2,1.7745917567830536,1.0,100.0,0.9747858724438598,1.0169243704706024,0.9937310096339855,0,0,3,-0.0008621519677828732,0.000599907712927083,5,0,0.20479243018707416,-0.06633064521981392,7,0.051617855581376604,8056.184107139192,1.684470109,LOCALLY_INFEASIBLE,two_area
1,60.0,60.0,60.0,0.9879200882399954,1.06,1.0312773677301446,0,0,2,2.2429811617682785e-5,0.004623414367375567,0,0,2.659377215949676,-0.934421383030858,13,0.006594117172388066,8056.184107139192,1.684470109,LOCALLY_INFEASIBLE,two_area
