bus,vm,va,vmin,vmax
4,1.0332800782894433,-9.083850873530787e-40,0.9,1.1
10,1.0385452489156775,3.804702918075568,0.9,1.1
2,1.0332812861325242,1.5763049289636655,0.9,1.1
3,1.0322291243347097,1.0198866787541074,0.9,1.1
1,1.0501825976188677,2.5200513468698538,0.9,1.1
