branch,from_bus,to_bus,X,B,G,Bfr,Bto,p_from,p_to,q_from,q_to,p_loss,q_loss,s_from,s_to,rate_a,ang_deg,angmin,angmax
1,1,2,0.000474905367849353,-58.47410792418496,345.9894420879517,6.01659469588504e-5,6.01659469588504e-5,4.000000020031192,-3.9599857804787115,-2.7103302580836563e-6,0.006631476309129138,0.04001423955248029,0.0066287659788710545,4.00000002003211,3.9599913330803678,4.0,0.09783679821611799,-29.999999999999996,29.999999999999996
