subnet,f,fmin,fmax,min_v,max_v,avg_v,ngen_Qll,ngen_Qul,ngen,minQloss,maxQloss,n_negQloss,n_s_bound,max_ang_diff,min_ang_diff,nbranch,total_loss,cost,time_s,status
2,1.014032813913209,1.0,100.0,1.0493977379378179,1.06,1.054698868968909,0,0,0,0.0066287659788710545,0.0066287659788710545,0,1,0.09783679821611799,0.09783679821611799,1,0.04001423955248029,15195.35637966162,1.495766364,LOCALLY_SOLVED
1,60.0,60.0,60.0,1.0322291243347097,1.0501825976188677,1.0375036670582445,0,0,5,-0.010430095838484433,0.15138064519455782,1,2,2.5200513468698538,-3.804702918075568,6,0.05127017006165788,15195.35637966162,1.495766364,LOCALLY_SOLVED
