gen,bus,pg,qg,pgmin,pgmax,qgmin,qgmax
1,1,0.4,0.0031476023181197985,0.0,0.4,-0.3,0.3
2,1,1.625664468747949,0.05674718835242942,0.0,1.7,-1.275,1.275
3,3,2.0656198808346615,0.9783121508867025,0.0,5.2,-3.9,3.9
4,4,0.0,1.208008232922393,0.0,2.0,-1.5,1.5
5,10,6.0,-2.202338177349735,0.0,6.0,-4.5,4.5
