interface,subnetwork,bus,p_int,q_int,s_int
2,1,2,3.9599857804787115,0.9855364060637086,4.080780487758507
2,2,2,-3.9599857804787115,0.006631476309129138,3.9599913330803678
1,1,1,-4.000000020031192,2.6875172442977022,4.81899876516347
1,2,1,4.000000020031192,-2.7103302580836563e-6,4.00000002003211
