bus,vm,va,vmin,vmax
2,1.0493977379378179,-0.09783679821611799,0.94,1.06
1,1.06,3.687402397481224e-30,0.94,1.06
