interface,subnetwork,bus,p_int,q_int,s_int
2,1,4,0.14517625182684307,0.23502486756157182,0.27624777368664044
2,2,4,-0.14517625182684307,0.008072427624488154,0.14540050956665715
1,1,5,0.16149094958796278,0.16066856387118802,0.22780191881380624
1,2,5,-0.16149094958796278,-0.3297735705802086,0.3671919588608141
