gen,bus,pg,qg,pgmin,pgmax,qgmin,qgmax
1,1,0.3349343200457691,0.0,0.0,3.324,0.0,0.1
2,2,0.5440042135573641,0.21312957883731073,0.0,1.4,-0.4,0.5
3,3,1.0,0.23071602336546726,0.0,1.0,0.0,0.4
