subnet,f,fmin,fmax,min_v,max_v,avg_v,ngen_Qll,ngen_Qul,ngen,minQloss,maxQloss,n_negQloss,n_s_bound,max_ang_diff,min_ang_diff,nbranch,total_loss,cost,time_s,status
2,100.0,100.0,100.0,0.94,0.9756794473980472,0.9576340910881005,1,0,3,-0.07942126810095043,0.0018329709839888797,6,0,3.8842050054731234,-1.5810327336756997,7,0.007621342183129223,13341.60519151625,0.068387047,LOCALLY_SOLVED
1,60.0,60.0,60.0,1.011158307686871,1.06,1.0394854444950101,0,0,2,0.00016500411438941532,0.16046342470967892,0,0,3.2047101044736124,-9.15989329581685,13,0.013520156586679075,13341.60519151625,0.068387047,LOCALLY_SOLVED
