bus,vm,va,vmin,vmax
4,0.9479207388081563,-3.4691129660130153,0.94,1.06
2,0.9715636475155695,-1.1659406942155912,0.94,1.06
3,0.9530066217187293,-5.0501456996887155,0.94,1.06
5,0.94,-2.9592487200267446,0.94,1.06
1,0.9756794473980472,-2.8778410099210558e-31,0.94,1.06
