gen,bus,pg,qg,pgmin,pgmax,qgmin,qgmax
1,6,0.6387029451913876,0.11615797631903285,0.0,1.0,-0.06,0.24
2,8,1.0,0.11999922243546492,0.0,1.0,-0.06,0.24
