bus,vm,va,vmin,vmax
2,1.06,0.17812675506683015,0.94,1.06
1,1.057830721914943,2.3421225581633653e-27,0.94,1.06
