bus,vm,va,vmin,vmax
4,1.0931460737694725,0.0,0.9,1.1
10,1.1,3.3844881783143355,0.9,1.1
2,1.084872093784655,0.13294574365987502,0.9,1.1
3,1.0926818504158116,0.1466713402255903,0.9,1.1
1,1.1,4.016868505977391,0.9,1.1
