subnet,f,fmin,fmax,min_v,max_v,avg_v,ngen_Qll,ngen_Qul,ngen,minQloss,maxQloss,n_negQloss,n_s_bound,max_ang_diff,min_ang_diff,nbranch,total_loss,cost,time_s,status
2,9.074729064451486,1.0,100.0,1.057830721914943,1.06,1.0589153609574715,0,0,0,0.005871857785195271,0.005871857785195271,0,0,-0.17812675506683015,-0.17812675506683015,1,0.0073875288879752254,15054.031610515685,0.053529337,LOCALLY_SOLVED
1,60.0,60.0,60.0,1.084872093784655,1.1,1.0941400035939879,0,1,5,-0.01635678764794457,0.19270649811687734,1,1,4.016868505977391,-3.3844881783143355,6,0.07395639844717612,15054.031610515685,0.053529337,LOCALLY_SOLVED
