gen,bus,pg,qg,pgmin,pgmax,qgmin,qgmax
1,1,0.4,0.00046122731323264174,0.0,0.4,-0.3,0.3
2,1,1.7,0.008328278457680737,0.0,1.7,-1.275,1.275
3,3,1.9813438503372875,1.9260740231971285,0.0,5.2,-3.9,3.9
4,4,0.0,1.5,0.0,2.0,-1.5,1.5
5,10,6.0,0.015226072788512597,0.0,6.0,-4.5,4.5
