branch,from_bus,to_bus,X,B,G,Bfr,Bto,p_from,p_to,q_from,q_to,p_loss,q_loss,s_from,s_to,rate_a,ang_deg,angmin,angmax
1,1,2,0.0009679711002081585,-718.84306151897,475.28232947575253,0.0023639669212896126,0.0023639669212896126,-3.5939636983677983,3.6013512272557735,0.008528010753733937,-0.002656152968538666,0.0073875288879752254,0.005871857785195271,3.593973816286501,3.601352206769737,4.26,-0.17812675506683015,-29.999999999999996,29.999999999999996
