interface,subnetwork,bus,p_int,q_int,s_int
2,1,10,-3.6013512272557735,0.06529618494032322,3.6019431219585387
2,2,2,3.6013512272557735,-0.002656152968538666,3.601352206769737
1,1,1,3.5939636983677983,0.4484290189468283,3.6218315325563055
1,2,1,-3.5939636983677983,0.008528010753733937,3.593973816286501
