{"frequency (Hz)":{"base230":[60.0],"mt_138cable":[60.0,60.0,60.0,60.0,0.13848954693318574,60.0,60.0],"base":[60.0],"base138cable":[60.0],"mt_230_aluminum":[60.0,60.0,60.0,60.0,60.0,60.0],"mt_138":[60.0,60.0,60.0,60.0,60.0,60.0,60.0],"mt_230cable":[60.0,60.0,60.0,6.830478635945304,60.0,60.0],"base138":[60.0],"mt_230":[60.0,60.0,60.0,60.0,60.0,60.0],"base230cable":[60.0]},"objective":{"base230":[238401.77741016157],"mt_138cable":[231348.45652013438,231348.45652013438,231348.45652013438,231348.45652013438,231348.45652013438,231348.45652013438,231348.45652013438],"base":[238401.77741016157],"base138cable":[238351.59332949595],"mt_230_aluminum":[238389.41060606323,238389.41060606323,238389.41060606323,238389.41060606323,238389.41060606323,238389.41060606323],"mt_138":[231855.10966625405,231855.10966625405,231855.10966625405,231855.10966625405,231855.10966625405,231855.10966625405,231855.10966625405],"mt_230cable":[237912.40229669563,237912.40229669563,237912.40229669563,237912.40229669563,237912.40229669563,237912.40229669563],"base138":[238401.77741016157],"mt_230":[238389.41060606323,238389.41060606323,238389.41060606323,238389.41060606323,238389.41060606323,238389.41060606323],"base230cable":[240835.03463141393]},"total loss":{"base230":[1.435126501769517],"mt_138cable":[-0.74,2.87,-0.71,-1.36,0.0,0.8399999999999999,0.5257135369534609],"base":[1.435126501769517],"base138cable":[1.425442087030703],"mt_230_aluminum":[3.55,-1.6300000000000001,3.0999999999999996,0.0,0.0,-3.5872600114722104],"mt_138":[-0.74,2.75,-0.71,-1.36,0.0,0.8399999999999999,0.7426550819835569],"mt_230cable":[3.55,-1.6300000000000001,3.0999999999999996,0.0,0.0,-3.6762805624448447],"base138":[1.435126501769517],"mt_230":[3.55,-1.6300000000000001,3.0999999999999996,0.0,0.0,-3.5872600114722104],"base230cable":[-2.045047074853315]},"converter loss":{"base230":[0.0],"mt_138cable":[4.644153215627899e-43,4.644153215627899e-43,4.644153215627899e-43,4.644153215627899e-43,4.644153215627899e-43,4.644153215627899e-43,4.644153215627899e-43],"base":[0.0],"base138cable":[0.0],"mt_230_aluminum":[2.5463103941910793e-38,2.5463103941910793e-38,2.5463103941910793e-38,2.5463103941910793e-38,2.5463103941910793e-38,2.5463103941910793e-38],"mt_138":[1.5451111990932394e-39,1.5451111990932394e-39,1.5451111990932394e-39,1.5451111990932394e-39,1.5451111990932394e-39,1.5451111990932394e-39,1.5451111990932394e-39],"mt_230cable":[7.300728395767197e-34,7.300728395767197e-34,7.300728395767197e-34,7.300728395767197e-34,7.300728395767197e-34,7.300728395767197e-34],"base138":[0.0],"mt_230":[2.5463103941910793e-38,2.5463103941910793e-38,2.5463103941910793e-38,2.5463103941910793e-38,2.5463103941910793e-38,2.5463103941910793e-38],"base230cable":[0.0]},"status":{"base230":"LOCALLY_SOLVED","mt_138cable":"LOCALLY_SOLVED","base":"LOCALLY_SOLVED","base138cable":"LOCALLY_SOLVED","mt_230_aluminum":"LOCALLY_SOLVED","mt_138":"LOCALLY_SOLVED","mt_230cable":"LOCALLY_SOLVED","base138":"LOCALLY_SOLVED","mt_230":"LOCALLY_SOLVED","base230cable":"LOCALLY_INFEASIBLE"},"CPU time (s)":{"base230":0.263,"mt_138cable":3.213,"base":0.264,"base138cable":0.309,"mt_230_aluminum":0.477,"mt_138":1.7329999999999999,"mt_230cable":2.891,"base138":0.274,"mt_230":0.476,"base230cable":8.047},"iterations":{"base230":24,"mt_138cable":197,"base":24,"base138cable":28,"mt_230_aluminum":39,"mt_138":117,"mt_230cable":222,"base138":24,"mt_230":39,"base230cable":619},"total time (s)":{"base230":0.347804557,"mt_138cable":3.309461077,"base":0.317763363,"base138cable":0.358311093,"mt_230_aluminum":0.538833206,"mt_138":1.801695106,"mt_230cable":2.960561373,"base138":0.326228691,"mt_230":0.55828154,"base230cable":8.166955582},"subnet":{"base230":[1],"mt_138cable":[5,4,6,7,2,3,1],"base":[1],"base138cable":[1],"mt_230_aluminum":[5,4,6,2,3,1],"mt_138":[5,4,6,7,2,3,1],"mt_230cable":[5,4,6,2,3,1],"base138":[1],"mt_230":[5,4,6,2,3,1],"base230cable":[1]},"cost":{"base230":[238401.77741016157],"mt_138cable":[0.0,4492.388394794001,0.0,0.0,0.0,1715.010883554443,225141.05724178592],"base":[238401.77741016157],"base138cable":[238351.59332949595],"mt_230_aluminum":[16977.8297376295,8940.558693357276,1137.6623396375053,0.0,0.0,211333.35983543895],"mt_138":[0.0,3919.6317219493358,0.0,0.0,0.0,1715.0108835542853,226220.46706075044],"mt_230cable":[16977.829737624437,8940.558693333516,1137.6623396375335,0.0,0.0,210856.35152610013],"base138":[238401.77741016157],"mt_230":[16977.8297376295,8940.558693357276,1137.6623396375053,0.0,0.0,211333.35983543895],"base230cable":[240835.03463141393]},"generation":{"base230":[86.93512650176952],"mt_138cable":[0.0,3.84,0.0,0.0,0.0,1.92,81.16571353695346],"base":[86.93512650176952],"base138cable":[86.9254420870307],"mt_230_aluminum":[3.55,1.7,3.0999999999999996,0.0,0.0,78.58273998852779],"mt_138":[0.0,3.7199999999999998,0.0,0.0,0.0,1.92,81.38265508198356],"mt_230cable":[3.55,1.7,3.0999999999999996,0.0,0.0,78.49371943755516],"base138":[86.93512650176952],"mt_230":[3.55,1.7,3.0999999999999996,0.0,0.0,78.58273998852779],"base230cable":[83.45495292514669]},"line loss":{"base230":[1.4351276646439857],"mt_138cable":[0.0,0.0,0.0,0.0,0.02418849507519568,0.0,1.4015261736516456],"base":[1.4351276646439857],"base138cable":[1.4254432499075376],"mt_230_aluminum":[0.0,0.0,0.0,0.1140689809248468,0.0,1.3186721704756963],"mt_138":[0.0,0.0,0.0,0.0,0.11817645596057062,0.0,1.4044797378729392],"mt_230cable":[0.0,0.0,0.0,0.03233880483030671,0.0,1.3113817953955542],"base138":[1.4351276646439857],"mt_230":[0.0,0.0,0.0,0.1140689809248468,0.0,1.3186721704756963],"base230cable":[2.564953938159027]}}