subnet,f,fmin,fmax,min_v,max_v,avg_v,ngen_Qll,ngen_Qul,ngen,minQloss,maxQloss,n_negQloss,n_s_bound,max_ang_diff,min_ang_diff,nbranch,total_loss,cost,time_s,status
2,100.0,100.0,100.0,1.0239091973840804,1.06,1.0359869992176634,1,0,3,-0.024668390800283317,0.06523585591287999,2,0,12.786187429274104,-1.9362383467149238,7,0.0902253626506737,12292.416377934316,0.041718743,LOCALLY_SOLVED
1,60.0,60.0,60.0,1.0172709577253418,1.06,1.0447118717107533,0,0,2,8.721409168948972e-5,0.03847507080603227,0,0,4.810760459035657,-4.172765665817691,13,0.01016290137683376,12292.416377934316,0.041718743,LOCALLY_SOLVED
