interface,subnetwork,bus,p_int,q_int,s_int
2,1,4,0.8608450188324641,0.1601982025874486,0.8756241263012998
2,2,4,-0.8608450188324641,0.037425664421845826,0.8616581844363124
1,1,5,0.49392419151752825,0.2070302929577807,0.5355582593597343
1,2,5,-0.49392419151752825,0.06945409122273731,0.4987834978764035
