gen,bus,pg,qg,pgmin,pgmax,qgmin,qgmax
1,6,0.19473536503566716,0.1268790031114764,0.0,1.0,-0.06,0.24
2,8,0.46405832599117425,0.01799115782905116,0.0,1.0,-0.06,0.24
