bus,vm,va,vmin,vmax
4,1.0254238195482095,-14.722425775989027,0.94,1.06
2,1.0394172176717016,-6.949862294327009,0.94,1.06
3,1.0239091973840804,-16.653650432608107,0.94,1.06
5,1.0311847614843248,-12.786187429274104,0.94,1.06
1,1.06,2.225287422178564e-33,0.94,1.06
