gen,bus,pg,qg,pgmin,pgmax,qgmin,qgmax
1,1,2.018359202457424,0.0,0.0,3.324,0.0,0.1
2,2,0.38195760722458727,0.13432614392166708,0.0,1.4,-0.4,0.5
3,3,0.667277763318655,0.31498381130326003,0.0,1.0,0.0,0.4
