{"frequency (Hz)":{"br70":[0.0,60.0],"br24":[0.0,60.0],"base_cable":[60.0],"base_br24out":[60.0],"br24_cable":[0.0,60.0],"br119_cable":[0.0,60.0],"br119":[0.0,60.0],"base":[60.0],"br70_cable":[0.0,60.0],"br119_cable_aluminum":[0.0,60.0],"br64_cable":[0.0,60.0],"br64":[0.0,60.0]},"objective":{"br70":[539544.8418060475,539544.8418060475],"br24":[481643.52904742735,481643.52904742735],"base_cable":[652795.6741658192],"base_br24out":[829496.1676406303],"br24_cable":[812212.1507282775,812212.1507282775],"br119_cable":[531301.2551999849,531301.2551999849],"br119":[474173.0812761705,474173.0812761705],"base":[546132.6288400585],"br70_cable":[537733.8180694128,537733.8180694128],"br119_cable_aluminum":[533114.5379638206,533114.5379638206],"br64_cable":[1.1654145725756474e6,1.1654145725756474e6],"br64":[536916.1241152156,536916.1241152156]},"total loss":{"br70":[0.0,3.5706729769166685],"br24":[0.0,3.591039780064449],"base_cable":[3.9558052424110883],"base_br24out":[2.720608310413269],"br24_cable":[0.0,2.7837752371273012],"br119_cable":[0.0,3.2830536946955817],"br119":[0.0,3.5695141179155314],"base":[3.5714305684781635],"br70_cable":[0.0,3.5469010477053047],"br119_cable_aluminum":[0.0,3.308539115401004],"br64_cable":[0.0,3.616808320695611],"br64":[0.0,3.626756308669002]},"converter loss":{"br70":[0.013507944355307198,0.013507944355307198],"br24":[0.022732392774917617,0.022732392774917617],"base_cable":[0.0],"base_br24out":[0.0],"br24_cable":[0.003296995733426404,0.003296995733426404],"br119_cable":[0.017519579860028656,0.017519579860028656],"br119":[0.021813606530753187,0.021813606530753187],"base":[0.0],"br70_cable":[0.01360163385933544,0.01360163385933544],"br119_cable_aluminum":[0.01747244727138928,0.01747244727138928],"br64_cable":[0.004416822291061415,0.004416822291061415],"br64":[0.017457944759270688,0.017457944759270688]},"status":{"br70":"LOCALLY_SOLVED","br24":"LOCALLY_SOLVED","base_cable":"LOCALLY_SOLVED","base_br24out":"LOCALLY_SOLVED","br24_cable":"LOCALLY_SOLVED","br119_cable":"LOCALLY_SOLVED","br119":"LOCALLY_SOLVED","base":"LOCALLY_SOLVED","br70_cable":"LOCALLY_SOLVED","br119_cable_aluminum":"LOCALLY_SOLVED","br64_cable":"LOCALLY_SOLVED","br64":"LOCALLY_SOLVED"},"CPU time (s)":{"br70":1.998,"br24":1.263,"base_cable":1.3739999999999999,"base_br24out":0.504,"br24_cable":1.121,"br119_cable":1.11,"br119":1.362,"base":1.0070000000000001,"br70_cable":1.444,"br119_cable_aluminum":1.1640000000000001,"br64_cable":1.6580000000000001,"br64":1.079},"iterations":{"br70":158,"br24":102,"base_cable":96,"base_br24out":44,"br24_cable":84,"br119_cable":91,"br119":99,"base":85,"br70_cable":111,"br119_cable_aluminum":92,"br64_cable":125,"br64":89},"total time (s)":{"br70":2.064228575,"br24":1.334347803,"base_cable":1.436472639,"base_br24out":0.562942667,"br24_cable":1.223967843,"br119_cable":1.167477891,"br119":1.424850993,"base":1.065142835,"br70_cable":1.50329729,"br119_cable_aluminum":1.223992939,"br64_cable":1.718456609,"br64":1.134781346},"subnet":{"br70":[2,1],"br24":[2,1],"base_cable":[1],"base_br24out":[1],"br24_cable":[2,1],"br119_cable":[2,1],"br119":[2,1],"base":[1],"br70_cable":[2,1],"br119_cable_aluminum":[2,1],"br64_cable":[2,1],"br64":[2,1]},"cost":{"br70":[0.0,539544.8418060475],"br24":[0.0,481643.52904742735],"base_cable":[652795.6741658192],"base_br24out":[829496.1676406303],"br24_cable":[0.0,812212.1507282775],"br119_cable":[0.0,531301.2551999849],"br119":[0.0,474173.0812761705],"base":[546132.6288400585],"br70_cable":[0.0,537733.8180694128],"br119_cable_aluminum":[0.0,533114.5379638206],"br64_cable":[0.0,1.1654145725756474e6],"br64":[0.0,536916.1241152156]},"generation":{"br70":[0.0,89.07067297691667],"br24":[0.0,89.09103978006445],"base_cable":[89.45580524241109],"base_br24out":[88.22060831041327],"br24_cable":[0.0,88.2837752371273],"br119_cable":[0.0,88.78305369469558],"br119":[0.0,89.06951411791553],"base":[89.07143056847816],"br70_cable":[0.0,89.0469010477053],"br119_cable_aluminum":[0.0,88.808539115401],"br64_cable":[0.0,89.11680832069561],"br64":[0.0,89.126756308669]},"line loss":{"br70":[0.03203861011144182,3.5251273599993542],"br24":[0.3030261465622104,3.26528218193872],"base_cable":[3.9558062232132203],"base_br24out":[2.720609220178357],"br24_cable":[0.05793776968545411,2.722541381463944],"br119_cable":[0.08696957021901053,3.178565482902974],"br119":[0.3937525377741826,3.153948871898017],"base":[3.571431549604611],"br70_cable":[0.006401814555388796,3.5268985368370194],"br119_cable_aluminum":[0.11250445259112851,3.1785631538248924],"br64_cable":[0.13801569201528496,3.4743767672079966],"br64":[0.08982972459164795,3.5194696202842426]}}