{"frequency (Hz)":{"base230":[60.0],"mt_138cable":[60.0,60.0,60.0,60.0,0.0,60.0,60.0],"base":[60.0],"base138cable":[60.0],"mt_230_aluminum":[60.0,60.0,60.0,0.0,60.0,60.0],"mt_138":[60.0,60.0,60.0,60.0,0.0,60.0,60.0],"mt_230cable":[60.0,60.0,60.0,0.0,60.0,60.0],"base138":[60.0],"mt_230":[60.0,60.0,60.0,0.0,60.0,60.0],"base230cable":[60.0]},"objective":{"base230":[238401.77741016157],"mt_138cable":[231396.35974816064,231396.35974816064,231396.35974816064,231396.35974816064,231396.35974816064,231396.35974816064,231396.35974816064],"base":[238401.77741016157],"base138cable":[238351.59332949595],"mt_230_aluminum":[238575.6959091756,238575.6959091756,238575.6959091756,238575.6959091756,238575.6959091756,238575.6959091756],"mt_138":[232035.1234333237,232035.1234333237,232035.1234333237,232035.1234333237,232035.1234333237,232035.1234333237,232035.1234333237],"mt_230cable":[238068.71761230924,238068.71761230924,238068.71761230924,238068.71761230924,238068.71761230924,238068.71761230924],"base138":[238401.77741016157],"mt_230":[238575.6959091756,238575.6959091756,238575.6959091756,238575.6959091756,238575.6959091756,238575.6959091756],"base230cable":[240835.03463141393]},"total loss":{"base230":[1.435126501769517],"mt_138cable":[-0.74,2.87,-0.71,-1.36,0.0,0.8399999999999999,0.5351793615581499],"base":[1.435126501769517],"base138cable":[1.425442087030703],"mt_230_aluminum":[3.55,-1.6300000000000001,3.0999999999999996,0.0,0.0,-3.5513115607381422],"mt_138":[-0.74,2.75,-0.71,-1.36,0.0,0.8399999999999999,0.778792367176365],"mt_230cable":[3.55,-1.6300000000000001,3.0999999999999996,0.0,0.0,-3.646531089900435],"base138":[1.435126501769517],"mt_230":[3.55,-1.6300000000000001,3.0999999999999996,0.0,0.0,-3.5513115607381422],"base230cable":[-2.045047074853315]},"converter loss":{"base230":[0.0],"mt_138cable":[1.007190908070138e-39,1.007190908070138e-39,1.007190908070138e-39,1.007190908070138e-39,1.007190908070138e-39,1.007190908070138e-39,1.007190908070138e-39],"base":[0.0],"base138cable":[0.0],"mt_230_aluminum":[3.5785305741753175e-39,3.5785305741753175e-39,3.5785305741753175e-39,3.5785305741753175e-39,3.5785305741753175e-39,3.5785305741753175e-39],"mt_138":[2.080031650199787e-40,2.080031650199787e-40,2.080031650199787e-40,2.080031650199787e-40,2.080031650199787e-40,2.080031650199787e-40,2.080031650199787e-40],"mt_230cable":[3.585046168935931e-40,3.585046168935931e-40,3.585046168935931e-40,3.585046168935931e-40,3.585046168935931e-40,3.585046168935931e-40],"base138":[0.0],"mt_230":[3.5785305741753175e-39,3.5785305741753175e-39,3.5785305741753175e-39,3.5785305741753175e-39,3.5785305741753175e-39,3.5785305741753175e-39],"base230cable":[0.0]},"status":{"base230":"LOCALLY_SOLVED","mt_138cable":"LOCALLY_SOLVED","base":"LOCALLY_SOLVED","base138cable":"LOCALLY_SOLVED","mt_230_aluminum":"LOCALLY_SOLVED","mt_138":"LOCALLY_SOLVED","mt_230cable":"LOCALLY_SOLVED","base138":"LOCALLY_SOLVED","mt_230":"LOCALLY_SOLVED","base230cable":"LOCALLY_INFEASIBLE"},"CPU time (s)":{"base230":0.29500000000000004,"mt_138cable":0.327,"base":0.266,"base138cable":0.308,"mt_230_aluminum":0.775,"mt_138":0.34600000000000003,"mt_230cable":0.364,"base138":0.263,"mt_230":0.786,"base230cable":7.921},"iterations":{"base230":24,"mt_138cable":28,"base":24,"base138cable":28,"mt_230_aluminum":62,"mt_138":31,"mt_230cable":33,"base138":24,"mt_230":62,"base230cable":619},"total time (s)":{"base230":0.350153124,"mt_138cable":0.379100557,"base":0.313121204,"base138cable":0.358800612,"mt_230_aluminum":0.834786033,"mt_138":0.398783289,"mt_230cable":0.416954072,"base138":0.311064019,"mt_230":0.873460344,"base230cable":8.061160705},"subnet":{"base230":[1],"mt_138cable":[5,4,6,7,2,3,1],"base":[1],"base138cable":[1],"mt_230_aluminum":[5,4,6,2,3,1],"mt_138":[5,4,6,7,2,3,1],"mt_230cable":[5,4,6,2,3,1],"base138":[1],"mt_230":[5,4,6,2,3,1],"base230cable":[1]},"cost":{"base230":[238401.77741016157],"mt_138cable":[0.0,4492.3883947872655,0.0,0.0,0.0,1715.0108835544333,225188.96046981894],"base":[238401.77741016157],"base138cable":[238351.59332949595],"mt_230_aluminum":[16977.829737630746,8940.558693370082,1137.662339637492,0.0,0.0,211519.64513853728],"mt_138":[0.0,3919.63172186712,0.0,0.0,0.0,1715.0108835542205,226400.48082790236],"mt_230cable":[16977.82973762378,8940.5586933327,1137.6623396375296,0.0,0.0,211012.66684171523],"base138":[238401.77741016157],"mt_230":[16977.829737630746,8940.558693370082,1137.662339637492,0.0,0.0,211519.64513853728],"base230cable":[240835.03463141393]},"generation":{"base230":[86.93512650176952],"mt_138cable":[0.0,3.84,0.0,0.0,0.0,1.92,81.17517936155815],"base":[86.93512650176952],"base138cable":[86.9254420870307],"mt_230_aluminum":[3.55,1.7,3.0999999999999996,0.0,0.0,78.61868843926186],"mt_138":[0.0,3.7199999999999998,0.0,0.0,0.0,1.92,81.41879236717637],"mt_230cable":[3.55,1.7,3.0999999999999996,0.0,0.0,78.52346891009957],"base138":[86.93512650176952],"mt_230":[3.55,1.7,3.0999999999999996,0.0,0.0,78.61868843926186],"base230cable":[83.45495292514669]},"line loss":{"base230":[1.4351276646439857],"mt_138cable":[0.0,0.0,0.0,0.0,0.03367960159276344,0.0,1.401500891740525],"base":[1.4351276646439857],"base138cable":[1.4254432499075376],"mt_230_aluminum":[0.0,0.0,0.0,0.14563878497963256,0.0,1.3230508171722262],"mt_138":[0.0,0.0,0.0,0.0,0.1537337610160308,0.0,1.4050597179964264],"mt_230cable":[0.0,0.0,0.0,0.06264568820396976,0.0,1.3108243826785095],"base138":[1.4351276646439857],"mt_230":[0.0,0.0,0.0,0.14563878497963256,0.0,1.3230508171722262],"base230cable":[2.564953938159027]}}