{"frequency (Hz)":[50.0,60.0],"loss (p.u.)":[0.05637694778244728,0.005586476123117003],"status":"LOCALLY_SOLVED","subnet":[2,1],"cost (USD)":[7352.193879014311,817.1302728643592]}