bus,vm,va,vmin,vmax
4,1.0263756937665038,-5.924820088349735,0.94,1.06
2,1.0414737576431783,-2.532668642238283,0.94,1.06
3,1.022773917830357,-6.181448897869212,0.94,1.06
5,1.0326946533922468,-5.317934715446829,0.94,1.06
1,1.06,-4.231655614668843e-30,0.94,1.06
