subnet,f,fmin,fmax,min_v,max_v,avg_v,ngen_Qll,ngen_Qul,ngen,minQloss,maxQloss,n_negQloss,n_s_bound,max_ang_diff,min_ang_diff,nbranch,loss,cost,objective,time_s,status
2,50.0,50.0,50.0,1.022773917830357,1.06,1.036663604526457,1,0,3,-0.015360871665181457,0.0055519056156790704,5,1,5.317934715446829,-0.606885372902907,7,0.05637694778244728,7352.193879014311,8169.324151878671,0.054805976,LOCALLY_SOLVED
1,60.0,60.0,60.0,1.009748190062105,1.06,1.0438908566484661,0,0,2,5.448240621143928e-5,0.046740489868769164,0,0,5.66836150601443,-1.8495941662300237,13,0.005586476123117003,817.1302728643592,8169.324151878671,0.054805976,LOCALLY_SOLVED
