gen,bus,pg,qg,pgmin,pgmax,qgmin,qgmax,pbase,qbase
2,2,0.3989691666307703,-0.021992327337510453,0.0,1.4,-0.4,0.5,0.4,0.424
3,3,0.4978940490106711,0.1700563015639974,0.0,1.0,0.0,0.4,0.0,0.23399999999999999
1,1,1.5518504022401514,0.0,0.0,3.324,0.0,0.1,2.324,-0.16899999999999998
