interface,subnetwork,bus,p_int,q_int,s_int
2,1,4,0.7072519492246376,0.06813672523158584,0.7105265181591283
2,2,4,-0.7072519492246376,0.0014448757331130837,0.7072534251228011
1,1,5,0.526084720874508,0.1389667410324201,0.5441294778366457
1,2,5,-0.526084720874508,0.1263520811091407,0.5410452679196259
