gen,bus,pg,qg,pgmin,pgmax,qgmin,qgmax,pbase,qbase
2,8,0.20324981595254207,-0.01774781850902966,0.0,1.0,-0.06,0.24,0.0,0.174
1,6,0.0,0.10367214776807565,0.0,1.0,-0.06,0.24,0.0,0.122
