{"frequency (Hz)":[50.0,60.0],"loss (p.u.)":[0.013182190642275202,0.09588663762412138],"status":"LOCALLY_INFEASIBLE","subnet":[2,1],"cost (USD)":[7206.846454459154,8200.000083842875]}