bus,vm,va,vmin,vmax
4,0.9667998481319783,-1.7623573056115014,0.94,1.06
2,0.9538190318716353,-0.3992468419454199,0.94,1.06
3,0.94,-2.9171340986848002,0.94,1.06
5,0.9634318871378864,-2.1778490844883276,0.94,1.06
1,0.9619601185176297,1.2735993699706803e-19,0.94,1.06
