gen,bus,pg,qg,pgmin,pgmax,qgmin,qgmax,pbase,qbase
2,8,1.0,0.21659496812171392,0.0,1.0,-0.06,0.24,0.0,0.174
1,6,1.0,0.1717240614842021,0.0,1.0,-0.06,0.24,0.0,0.122
