subnet,f,fmin,fmax,min_v,max_v,avg_v,ngen_Qll,ngen_Qul,ngen,minQloss,maxQloss,n_negQloss,n_s_bound,max_ang_diff,min_ang_diff,nbranch,loss,cost,objective,time_s,status
2,50.0,50.0,50.0,0.94,0.9667998481319783,0.957202177131826,1,0,3,-0.038426129168043804,0.0015017268566897939,6,0,2.5178872567393804,-1.154776793073299,7,0.013182190642275202,7206.846454459154,15406.84653830203,0.635426274,LOCALLY_INFEASIBLE
1,60.0,60.0,60.0,0.9600656371855358,1.06,1.00991595573433,0,0,2,0.0012421700206800932,0.17545292772701887,0,0,7.367046883171825,-9.865262532601987,13,0.09588663762412138,8200.000083842875,15406.84653830203,0.635426274,LOCALLY_INFEASIBLE
