interface,subnetwork,bus,p_int,q_int,s_int
2,1,4,-0.2756680961730401,0.4398814173020073,0.5191228761432992
2,2,4,0.2756680961738134,0.2263895438126671,0.3567143462152908
1,1,5,0.5180547138119432,0.22003613705208427,0.5628468602662522
1,2,5,-0.5180547138113303,0.1375590020537166,0.5360066842383159
