gen,bus,pg,qg,pgmin,pgmax,qgmin,qgmax,pbase,qbase
2,2,0.6538847361784096,-0.1897101460421136,0.0,1.4,-0.4,0.5,0.4,0.424
3,3,1.0,0.16487187204966708,0.0,1.0,0.0,0.4,0.0,0.23399999999999999
1,1,0.3401840621002281,0.0,0.0,3.324,0.0,0.1,2.324,-0.16899999999999998
