bus,vm,va,vmin,vmax
4,0.94,-5.972029220387865,0.94,1.06
2,0.9544923692968464,-1.05111229814996,0.94,1.06
3,0.9418747435795763,-6.272192661300006,0.94,1.06
5,0.9435162783371396,-5.0758675033731215,0.94,1.06
1,0.9631386611070129,1.370950298943181e-19,0.94,1.06
