interface,subnetwork,bus,p_int,q_int,s_int
2,1,4,0.4437821070857672,0.33066653957761577,0.553428332275931
2,2,4,-0.44378204887871164,-0.035521773837740876,0.4452014188247459
1,1,5,0.233143445703803,0.29757077544525085,0.3780267618485893
1,2,5,-0.23314344569455195,-0.04569636616911924,0.23757951121969823
