subnet,f,fmin,fmax,min_v,max_v,avg_v,ngen_Qll,ngen_Qul,ngen,minQloss,maxQloss,n_negQloss,n_s_bound,max_ang_diff,min_ang_diff,nbranch,total_loss,cost,time_s,status
2,100.0,100.0,100.0,0.94,0.9631386611070129,0.948604410464115,1,0,3,-0.07715194081054023,0.003153517869890413,6,0,5.221080363150047,-0.8961617170147433,7,0.20017653721651518,17567.141947896715,0.236540055,LOCALLY_INFEASIBLE
1,60.0,60.0,60.0,0.9905387361400834,1.06,1.0314045963669087,0,0,2,0.00030832425417927876,0.1634773828748052,0,0,3.2531374705541776,-9.203414770439926,13,0.21180589892320392,17567.141947896715,0.236540055,LOCALLY_INFEASIBLE
