gen,bus,pg,qg,pgmin,pgmax,qgmin,qgmax
1,1,0.4013340018556597,0.0,0.0,3.324,0.0,0.1
2,2,0.9849428909128329,0.10132412034934571,0.0,1.4,-0.4,0.5
3,3,1.0,0.35807957911238,0.0,1.0,0.0,0.4
