gen,bus,pg,qg,pgmin,pgmax,qgmin,qgmax
1,6,1.0,0.14620269267133695,0.0,1.0,-0.06,0.24
2,8,1.0,0.20679875649605192,0.0,1.0,-0.06,0.24
