{"frequency (Hz)":[50.0,60.0],"loss (p.u.)":[0.005793213457347027,0.013478122756840977],"status":"LOCALLY_SOLVED","subnet":[2,1],"cost (USD)":[6681.008820298665,6635.910976824493]}