interface,subnetwork,bus,p_int,q_int,s_int
2,1,4,0.14604284592596084,0.2348519281360016,0.27655730146816154
2,2,4,-0.14604284592596084,0.04991547680811701,0.1543375121969238
1,1,5,0.1750492967821856,0.1609698272020562,0.2378098853567646
1,2,5,-0.1750492967821856,-0.19957985144299478,0.2654700988924093
