subnet,f,fmin,fmax,min_v,max_v,avg_v,ngen_Qll,ngen_Qul,ngen,minQloss,maxQloss,n_negQloss,n_s_bound,max_ang_diff,min_ang_diff,nbranch,loss,cost,objective,time_s,status
2,50.0,50.0,50.0,1.042906822760397,1.06,1.0502395494612387,1,0,3,-0.04752588646824084,0.0004932866668180685,6,0,1.6065544747795126,-0.6010147386602209,7,0.005793213457347027,6681.008820298665,13316.919797123159,0.050058276,LOCALLY_SOLVED
1,60.0,60.0,60.0,1.0112320717839567,1.06,1.0395467151876803,0,0,2,0.00016425250726577727,0.16043100663544507,0,0,3.2072369627716064,-9.158039796340033,13,0.013478122756840977,6635.910976824493,13316.919797123159,0.050058276,LOCALLY_SOLVED
