gen,bus,pg,qg,pgmin,pgmax,qgmin,qgmax,pbase,qbase
2,8,1.0,0.11999799211752131,0.0,1.0,-0.06,0.24,0.0,0.174
1,6,0.6242359700560002,0.11619328435649848,0.0,1.0,-0.06,0.24,0.0,0.122
