gen,bus,pg,qg,pgmin,pgmax,qgmin,qgmax,pbase,qbase
2,2,0.546523151860562,0.17337077721998861,0.0,1.4,-0.4,0.5,0.4,0.424
3,3,1.0,0.21173574725746863,0.0,1.0,0.0,0.4,0.0,0.23399999999999999
1,1,0.34501219430677604,0.0,0.0,3.324,0.0,0.1,2.324,-0.16899999999999998
