bus,vm,va,vmin,vmax
4,1.0469560861054525,-1.5036761535137426,0.94,1.06
2,1.056226208803016,-0.498136417394451,0.94,1.06
3,1.042906822760397,-2.1046908921739638,0.94,1.06
5,1.045108629637327,-1.28184003712874,0.94,1.06
1,1.06,-2.1154025392389034e-36,0.94,1.06
