interface,subnetwork,bus,p_int,q_int,s_int
2,1,4,-0.26915662722041966,0.452658614624916,0.5266356533418718
2,2,4,0.2691566272211805,0.20556182478583696,0.33867529255374484
1,1,5,0.5099189159151615,0.22668247947046977,0.5580342707280382
1,2,5,-0.5099189159145567,0.057161650000620706,0.5131128092712851
