gen,bus,pg,qg,pgmin,pgmax,qgmin,qgmax
1,6,1.0,0.16354794793611116,0.0,1.0,-0.06,0.24
2,8,1.0,0.19984419322510613,0.0,1.0,-0.06,0.24
