gen,bus,pg,qg,pgmin,pgmax,qgmin,qgmax
1,1,0.2915043314763973,0.0,0.0,3.324,0.0,0.1
2,2,0.6999363370474294,-0.22973852108350468,0.0,1.4,-0.4,0.5
3,3,1.0,0.16021013466457149,0.0,1.0,0.0,0.4
