subnet,f,fmin,fmax,min_v,max_v,avg_v,ngen_Qll,ngen_Qul,ngen,minQloss,maxQloss,n_negQloss,n_s_bound,max_ang_diff,min_ang_diff,nbranch,total_loss,cost,time_s,status
2,100.0,100.0,100.0,0.94,0.9801483515198757,0.9635475430272606,1,0,3,-0.07812011735548324,0.0029222035414472637,6,0,5.0394955319010455,-2.7362072747811617,7,0.012178389830990566,15544.222669567374,1.278677463,LOCALLY_INFEASIBLE
1,60.0,60.0,60.0,0.9605797409342458,1.06,1.010158148393398,0,0,2,0.0012229377096803697,0.17529855417331736,0,0,7.298760114795454,-9.895269302826705,13,0.09426230867907973,15544.222669567374,1.278677463,LOCALLY_INFEASIBLE
