bus,vm,va,vmin,vmax
4,0.9801483515198757,-2.959261858665305,0.94,1.06
2,0.9540168658513406,-0.6559736015454213,0.94,1.06
3,0.94,-5.695469133446466,0.94,1.06
5,0.9752363021023815,-3.7636126134011714,0.94,1.06
1,0.9683361956627051,-1.6029013774361879e-19,0.94,1.06
