{"frequency (Hz)":{"base_br24out":[60.0],"base":[60.0],"br24_cable":[0.0,60.0],"br24":[0.0,60.0],"br24_cable2":[0.0,60.0],"base_cable":[60.0]},"objective":{"base_br24out":[829496.1676406303],"base":[546132.6288400585],"br24_cable":[517616.04293967894,517616.04293967894],"br24":[500037.1503540054,500037.1503540054],"br24_cable2":[517616.04293967894,517616.04293967894],"base_cable":[766089.0437254966]},"total loss":{"base_br24out":[2.720608310413269],"base":[3.5714305684781635],"br24_cable":[0.0,3.6378567473875307],"br24":[0.0,3.893470813367628],"br24_cable2":[0.0,3.6378567473875307],"base_cable":[2.816688541659758]},"converter loss":{"base_br24out":[0.0],"base":[0.0],"br24_cable":[0.01754875377945104,0.01754875377945104],"br24":[0.022133419742050776,0.022133419742050776],"br24_cable2":[0.01754875377945104,0.01754875377945104],"base_cable":[0.0]},"status":{"base_br24out":"LOCALLY_SOLVED","base":"LOCALLY_SOLVED","br24_cable":"LOCALLY_SOLVED","br24":"LOCALLY_SOLVED","br24_cable2":"LOCALLY_SOLVED","base_cable":"LOCALLY_SOLVED"},"CPU time (s)":{"base_br24out":0.5880000000000001,"base":1.4,"br24_cable":1.093,"br24":1.2349999999999999,"br24_cable2":1.067,"base_cable":0.5469999999999999},"iterations":{"base_br24out":44,"base":85,"br24_cable":79,"br24":96,"br24_cable2":79,"base_cable":47},"total time (s)":{"base_br24out":0.653893232,"base":1.490138275,"br24_cable":1.156478662,"br24":1.300986084,"br24_cable2":1.133003659,"base_cable":0.613796795},"subnet":{"base_br24out":[1],"base":[1],"br24_cable":[2,1],"br24":[2,1],"br24_cable2":[2,1],"base_cable":[1]},"cost":{"base_br24out":[829496.1676406303],"base":[546132.6288400585],"br24_cable":[0.0,517616.04293967894],"br24":[0.0,500037.1503540054],"br24_cable2":[0.0,517616.04293967894],"base_cable":[766089.0437254966]},"generation":{"base_br24out":[88.22060831041327],"base":[89.07143056847816],"br24_cable":[0.0,89.13785674738753],"br24":[0.0,89.39347081336763],"br24_cable2":[0.0,89.13785674738753],"base_cable":[88.31668854165976]},"line loss":{"base_br24out":[2.720609220178357],"base":[3.571431549604611],"br24_cable":[0.3133235840273292,3.306985360408139],"br24":[0.6061086971988852,3.2652296376381185],"br24_cable2":[0.3133235840273292,3.306985360408139],"base_cable":[2.8166894358959844]}}