subnet,f,fmin,fmax,min_v,max_v,avg_v,ngen_Qll,ngen_Qul,ngen,minQloss,maxQloss,n_negQloss,n_s_bound,max_ang_diff,min_ang_diff,nbranch,total_loss,converter_loss,cost,objective,time_s,status,network
1,60.0,60.0,60.0,0.95,1.05,1.0193010569088183,2,22,96,-2.6130295946295314,2.984046273635933,44,3,30.000000572957536,-15.751254127749354,120,3.5714305684781635,0.0,546132.6288400585,546132.6288400585,1.490138275,LOCALLY_SOLVED,"basek_cond=1,k_ins=1"
1,60.0,60.0,60.0,0.9540920652459624,1.05,1.0307593047914134,0,28,96,-2.6026369536449696,2.694927534276196,56,2,30.000000572957525,-15.654320331338644,119,2.720608310413269,0.0,829496.1676406303,829496.1676406303,0.653893232,LOCALLY_SOLVED,"base_br24outk_cond=1,k_ins=1"
1,60.0,60.0,60.0,0.9538916845307048,1.05,1.0311856609691559,0,28,96,-2.645472052866582,2.834872745148432,53,2,30.00000057295753,-15.943619751741457,120,2.816688541659758,0.0,766089.0437254966,766089.0437254966,0.613796795,LOCALLY_SOLVED,"base_cablek_cond=1,k_ins=1"
2,0.0,0.0,0.0,0.9974373140514182,1.1,1.0487186597756997,0,0,0,0.0,0.0,0,1,NaN,NaN,3,0.0,0.022133419742050776,0.0,500037.1503540054,1.300986084,LOCALLY_SOLVED,"br24k_cond=1,k_ins=1"
1,60.0,60.0,60.0,0.95,1.0507556542074488,1.016040880696293,0,25,96,-2.582676134514487,2.5349653089267807,44,2,30.000000572957525,-15.292343105107054,121,3.893470813367628,0.022133419742050776,500037.1503540054,500037.1503540054,1.300986084,LOCALLY_SOLVED,"br24k_cond=1,k_ins=1"
2,0.0,0.0,0.0,1.034356202468696,1.1,1.0671781039841657,0,0,0,0.0,0.0,0,1,NaN,NaN,3,0.0,0.01754875377945104,0.0,517616.04293967894,1.156478662,LOCALLY_SOLVED,"br24_cablek_cond=1,k_ins=1"
1,60.0,60.0,60.0,0.9521485444359047,1.0508072783854068,1.0186696258719636,0,25,96,-2.5870711297111644,2.6769538661019023,43,3,30.000000572957696,-14.803727991624786,121,3.6378567473875307,0.01754875377945104,517616.04293967894,517616.04293967894,1.156478662,LOCALLY_SOLVED,"br24_cablek_cond=1,k_ins=1"
2,0.0,0.0,0.0,1.034356202468696,1.1,1.0671781039841657,0,0,0,0.0,0.0,0,1,NaN,NaN,3,0.0,0.01754875377945104,0.0,517616.04293967894,1.133003659,LOCALLY_SOLVED,"br24_cable2k_cond=1,k_ins=1"
1,60.0,60.0,60.0,0.9521485444359047,1.0508072783854068,1.0186696258719636,0,25,96,-2.5870711297111644,2.6769538661019023,43,3,30.000000572957696,-14.803727991624786,121,3.6378567473875307,0.01754875377945104,517616.04293967894,517616.04293967894,1.133003659,LOCALLY_SOLVED,"br24_cable2k_cond=1,k_ins=1"
