{"frequency (Hz)":{"base230":[60.0],"mt_138cable":[60.0,60.0,60.0,60.0,0.0,60.0,60.0],"base":[60.0],"base138cable":[60.0],"mt_230_aluminum":[60.0,60.0,60.0,0.0,60.0,60.0],"mt_138":[60.0,60.0,60.0,60.0,0.0,60.0,60.0],"mt_230cable":[60.0,60.0,60.0,0.0,60.0,60.0],"base138":[60.0],"mt_230":[60.0,60.0,60.0,0.0,60.0,60.0],"base230cable":[60.0]},"objective":{"base230":[238401.77741016157],"mt_138cable":[231433.91547467367,231433.91547467367,231433.91547467367,231433.91547467367,231433.91547467367,231433.91547467367,231433.91547467367],"base":[238401.77741016157],"base138cable":[238351.59332949595],"mt_230_aluminum":[238829.67450602853,238829.67450602853,238829.67450602853,238829.67450602853,238829.67450602853,238829.67450602853],"mt_138":[232294.84207485322,232294.84207485322,232294.84207485322,232294.84207485322,232294.84207485322,232294.84207485322,232294.84207485322],"mt_230cable":[238074.16037171506,238074.16037171506,238074.16037171506,238074.16037171506,238074.16037171506,238074.16037171506],"base138":[238401.77741016157],"mt_230":[238829.67450602853,238829.67450602853,238829.67450602853,238829.67450602853,238829.67450602853,238829.67450602853],"base230cable":[240835.03463141393]},"total loss":{"base230":[1.435126501769517],"mt_138cable":[-0.74,2.87,-0.71,-1.36,0.0,0.8399999999999999,0.542483533153657],"base":[1.435126501769517],"base138cable":[1.425442087030703],"mt_230_aluminum":[3.55,-1.6300000000000001,3.0999999999999996,0.0,0.0,-3.5023013464958694],"mt_138":[-0.74,2.75,-0.71,-1.36,0.0,0.8399999999999999,0.8311090384892026],"mt_230cable":[3.55,-1.6300000000000001,3.0999999999999996,0.0,0.0,-3.6463834256999235],"base138":[1.435126501769517],"mt_230":[3.55,-1.6300000000000001,3.0999999999999996,0.0,0.0,-3.5023013464958694],"base230cable":[-2.045047074853315]},"converter loss":{"base230":[0.0],"mt_138cable":[4.585796641026587e-39,4.585796641026587e-39,4.585796641026587e-39,4.585796641026587e-39,4.585796641026587e-39,4.585796641026587e-39,4.585796641026587e-39],"base":[0.0],"base138cable":[0.0],"mt_230_aluminum":[2.17547830623087e-37,2.17547830623087e-37,2.17547830623087e-37,2.17547830623087e-37,2.17547830623087e-37,2.17547830623087e-37],"mt_138":[1.0934886359137335e-37,1.0934886359137335e-37,1.0934886359137335e-37,1.0934886359137335e-37,1.0934886359137335e-37,1.0934886359137335e-37,1.0934886359137335e-37],"mt_230cable":[3.029733307960622e-40,3.029733307960622e-40,3.029733307960622e-40,3.029733307960622e-40,3.029733307960622e-40,3.029733307960622e-40],"base138":[0.0],"mt_230":[2.17547830623087e-37,2.17547830623087e-37,2.17547830623087e-37,2.17547830623087e-37,2.17547830623087e-37,2.17547830623087e-37],"base230cable":[0.0]},"status":{"base230":"LOCALLY_SOLVED","mt_138cable":"LOCALLY_SOLVED","base":"LOCALLY_SOLVED","base138cable":"LOCALLY_SOLVED","mt_230_aluminum":"LOCALLY_SOLVED","mt_138":"LOCALLY_SOLVED","mt_230cable":"LOCALLY_SOLVED","base138":"LOCALLY_SOLVED","mt_230":"LOCALLY_SOLVED","base230cable":"LOCALLY_INFEASIBLE"},"CPU time (s)":{"base230":0.27,"mt_138cable":0.35200000000000004,"base":0.265,"base138cable":0.306,"mt_230_aluminum":0.731,"mt_138":0.39,"mt_230cable":0.44599999999999995,"base138":0.28200000000000003,"mt_230":0.81,"base230cable":9.34},"iterations":{"base230":24,"mt_138cable":28,"base":24,"base138cable":28,"mt_230_aluminum":52,"mt_138":30,"mt_230cable":32,"base138":24,"mt_230":52,"base230cable":619},"total time (s)":{"base230":0.325401956,"mt_138cable":0.417870728,"base":0.339154231,"base138cable":0.360322024,"mt_230_aluminum":0.799044664,"mt_138":0.462507495,"mt_230cable":0.523564978,"base138":0.3354623,"mt_230":0.911000715,"base230cable":9.512467623},"subnet":{"base230":[1],"mt_138cable":[5,4,6,7,2,3,1],"base":[1],"base138cable":[1],"mt_230_aluminum":[5,4,6,2,3,1],"mt_138":[5,4,6,7,2,3,1],"mt_230cable":[5,4,6,2,3,1],"base138":[1],"mt_230":[5,4,6,2,3,1],"base230cable":[1]},"cost":{"base230":[238401.77741016157],"mt_138cable":[0.0,4492.388394774393,0.0,0.0,0.0,1715.0108835544188,225226.51619634486],"base":[238401.77741016157],"base138cable":[238351.59332949595],"mt_230_aluminum":[16977.829737631815,8940.558693390394,1137.6623396374723,0.0,0.0,211773.62373536886],"mt_138":[0.0,3919.63172183749,0.0,0.0,0.0,1715.010883554122,226660.1994694616],"mt_230cable":[16977.82973765283,8940.558693291883,1137.662339638355,0.0,0.0,211018.109601132],"base138":[238401.77741016157],"mt_230":[16977.829737631815,8940.558693390394,1137.6623396374723,0.0,0.0,211773.62373536886],"base230cable":[240835.03463141393]},"generation":{"base230":[86.93512650176952],"mt_138cable":[0.0,3.84,0.0,0.0,0.0,1.92,81.18248353315366],"base":[86.93512650176952],"base138cable":[86.9254420870307],"mt_230_aluminum":[3.55,1.7,3.0999999999999996,0.0,0.0,78.66769865350413],"mt_138":[0.0,3.7199999999999998,0.0,0.0,0.0,1.92,81.4711090384892],"mt_230cable":[3.55,1.7,3.0999999999999996,0.0,0.0,78.52361657430008],"base138":[86.93512650176952],"mt_230":[3.55,1.7,3.0999999999999996,0.0,0.0,78.66769865350413],"base230cable":[83.45495292514669]},"line loss":{"base230":[1.4351276646439857],"mt_138cable":[0.0,0.0,0.0,0.0,0.041082422414823,0.0,1.4014022425145498],"base":[1.4351276646439857],"base138cable":[1.4254432499075376],"mt_230_aluminum":[0.0,0.0,0.0,0.18795789100202787,0.0,1.3297419254073448],"mt_138":[0.0,0.0,0.0,0.0,0.20507945351454487,0.0,1.4060306968079221],"mt_230cable":[0.0,0.0,0.0,0.0625054169531909,0.0,1.3111122847971204],"base138":[1.4351276646439857],"mt_230":[0.0,0.0,0.0,0.18795789100202787,0.0,1.3297419254073448],"base230cable":[2.564953938159027]}}