{"frequency (Hz)":[50.0,60.0],"loss (p.u.)":[0.005984765050427523,0.011978234494832814],"status":"LOCALLY_SOLVED","subnet":[2,1],"cost (USD)":[6704.673421760234,6039.0229777133045]}