gen,bus,pg,qg,pgmin,pgmax,qgmin,qgmax,pbase,qbase
2,8,1.0,0.1131028841457841,0.0,1.0,-0.06,0.24,0.0,0.174
1,6,0.4790192479658234,0.11419167836686506,0.0,1.0,-0.06,0.24,0.0,0.122
