bus,vm,va,vmin,vmax
4,1.044961502442423,-1.5244988945109212,0.94,1.06
2,1.0562262145589585,-0.4981364119596963,0.94,1.06
3,1.037652212164885,-1.8197531069582982,0.94,1.06
5,1.0442502791416057,-1.4595406012902672,0.94,1.06
1,1.06,2.045311072680469e-32,0.94,1.06
