gen,bus,pg,qg,pgmin,pgmax,qgmin,qgmax,pbase,qbase
2,2,0.5425759861977157,0.21560970747205982,0.0,1.4,-0.4,0.5,0.4,0.424
3,3,1.0,0.12714825515475583,0.0,1.0,0.0,0.4,0.0,0.23399999999999999
1,1,0.36336774542310074,0.0,0.0,3.324,0.0,0.1,2.324,-0.16899999999999998
