interface,subnetwork,bus,p_int,q_int,s_int
2,1,4,0.11431118513409423,0.2274386106605263,0.25454934426541276
2,2,4,-0.11431118513409423,0.01559907684660309,0.11537061257195176
1,1,5,0.2789477914287634,0.15733689069834172,0.3202604682404727
1,2,5,-0.2789477914287634,-0.13776316719884282,0.3111118136291858
