subnet,f,fmin,fmax,min_v,max_v,avg_v,ngen_Qll,ngen_Qul,ngen,minQloss,maxQloss,n_negQloss,n_s_bound,max_ang_diff,min_ang_diff,nbranch,loss,cost,objective,time_s,status
2,50.0,50.0,50.0,1.037652212164885,1.06,1.0486180416615745,1,0,3,-0.04752588702255425,4.750812926620357e-5,6,0,1.4595406012902672,-0.2952542124473767,7,0.005984765050427523,6704.673421760234,12743.696399473538,0.044725827,LOCALLY_SOLVED
1,60.0,60.0,60.0,1.0140006972417877,1.06,1.0404173873324336,0,0,2,0.0001430074834861319,0.1602797852406097,0,0,3.171035937107329,-9.15393000039697,13,0.011978234494832814,6039.0229777133045,12743.696399473538,0.044725827,LOCALLY_SOLVED
