{"frequency (Hz)":{"mt_138cable":[60.0,60.0,60.0,60.0,0.13848954693318574,60.0,60.0],"mt_230cable_aluminum":[60.0,60.0,60.0,6.895876438302109,60.0,60.0],"mt_138":[60.0,60.0,60.0,60.0,60.0,60.0,60.0],"base138cable":[60.0],"base230cable":[60.0],"br119_cable":[7.009062592304251,60.0],"mt_230_aluminum":[60.0,60.0,60.0,60.0,60.0,60.0],"mt_230cable":[60.0,60.0,60.0,6.830478635945304,60.0,60.0],"base230":[60.0],"base":[60.0],"base138":[60.0],"mt_230":[60.0,60.0,60.0,60.0,60.0,60.0]},"objective":{"mt_138cable":[231348.45652013438,231348.45652013438,231348.45652013438,231348.45652013438,231348.45652013438,231348.45652013438,231348.45652013438],"mt_230cable_aluminum":[237975.99301635975,237975.99301635975,237975.99301635975,237975.99301635975,237975.99301635975,237975.99301635975],"mt_138":[231855.10966625405,231855.10966625405,231855.10966625405,231855.10966625405,231855.10966625405,231855.10966625405,231855.10966625405],"base138cable":[238351.59332949595],"base230cable":[240835.03463141393],"br119_cable":[238379.651384936,238379.651384936],"mt_230_aluminum":[238389.41060606323,238389.41060606323,238389.41060606323,238389.41060606323,238389.41060606323,238389.41060606323],"mt_230cable":[237912.40229669563,237912.40229669563,237912.40229669563,237912.40229669563,237912.40229669563,237912.40229669563],"base230":[238401.77741016157],"base":[238401.77741016157],"base138":[238401.77741016157],"mt_230":[238389.41060606323,238389.41060606323,238389.41060606323,238389.41060606323,238389.41060606323,238389.41060606323]},"total loss":{"mt_138cable":[-0.74,2.87,-0.71,-1.36,0.0,0.8399999999999999,0.5257135369534609],"mt_230cable_aluminum":[3.55,-1.6300000000000001,3.0999999999999996,0.0,0.0,-3.6648251412920985],"mt_138":[-0.74,2.75,-0.71,-1.36,0.0,0.8399999999999999,0.7426550819835569],"base138cable":[1.425442087030703],"base230cable":[-2.045047074853315],"br119_cable":[0.0,1.4308566771642859],"mt_230_aluminum":[3.55,-1.6300000000000001,3.0999999999999996,0.0,0.0,-3.5872600114722104],"mt_230cable":[3.55,-1.6300000000000001,3.0999999999999996,0.0,0.0,-3.6762805624448447],"base230":[1.435126501769517],"base":[1.435126501769517],"base138":[1.435126501769517],"mt_230":[3.55,-1.6300000000000001,3.0999999999999996,0.0,0.0,-3.5872600114722104]},"converter loss":{"mt_138cable":[4.644153215627899e-43,4.644153215627899e-43,4.644153215627899e-43,4.644153215627899e-43,4.644153215627899e-43,4.644153215627899e-43,4.644153215627899e-43],"mt_230cable_aluminum":[9.868345557188682e-39,9.868345557188682e-39,9.868345557188682e-39,9.868345557188682e-39,9.868345557188682e-39,9.868345557188682e-39],"mt_138":[1.5451111990932394e-39,1.5451111990932394e-39,1.5451111990932394e-39,1.5451111990932394e-39,1.5451111990932394e-39,1.5451111990932394e-39,1.5451111990932394e-39],"base138cable":[0.0],"base230cable":[0.0],"br119_cable":[0.0072384392430448075,0.0072384392430448075],"mt_230_aluminum":[2.5463103941910793e-38,2.5463103941910793e-38,2.5463103941910793e-38,2.5463103941910793e-38,2.5463103941910793e-38,2.5463103941910793e-38],"mt_230cable":[7.300728395767197e-34,7.300728395767197e-34,7.300728395767197e-34,7.300728395767197e-34,7.300728395767197e-34,7.300728395767197e-34],"base230":[0.0],"base":[0.0],"base138":[0.0],"mt_230":[2.5463103941910793e-38,2.5463103941910793e-38,2.5463103941910793e-38,2.5463103941910793e-38,2.5463103941910793e-38,2.5463103941910793e-38]},"status":{"mt_138cable":"LOCALLY_SOLVED","mt_230cable_aluminum":"LOCALLY_SOLVED","mt_138":"LOCALLY_SOLVED","base138cable":"LOCALLY_SOLVED","base230cable":"LOCALLY_INFEASIBLE","br119_cable":"LOCALLY_SOLVED","mt_230_aluminum":"LOCALLY_SOLVED","mt_230cable":"LOCALLY_SOLVED","base230":"LOCALLY_SOLVED","base":"LOCALLY_SOLVED","base138":"LOCALLY_SOLVED","mt_230":"LOCALLY_SOLVED"},"CPU time (s)":{"mt_138cable":3.466,"mt_230cable_aluminum":3.2279999999999998,"mt_138":1.687,"base138cable":0.35300000000000004,"base230cable":8.747,"br119_cable":4.727,"mt_230_aluminum":0.5750000000000001,"mt_230cable":3.444,"base230":0.301,"base":3.295,"base138":0.28900000000000003,"mt_230":0.54},"iterations":{"mt_138cable":197,"mt_230cable_aluminum":225,"mt_138":117,"base138cable":28,"base230cable":619,"br119_cable":168,"mt_230_aluminum":39,"mt_230cable":222,"base230":24,"base":24,"base138":24,"mt_230":39},"total time (s)":{"mt_138cable":3.912442734,"mt_230cable_aluminum":3.392421637,"mt_138":2.509047298,"base138cable":0.58247393,"base230cable":8.992287526,"br119_cable":6.887793631,"mt_230_aluminum":0.64476094,"mt_230cable":3.547767751,"base230":0.363946564,"base":44.82566599,"base138":0.348020759,"mt_230":0.670586174},"subnet":{"mt_138cable":[5,4,6,7,2,3,1],"mt_230cable_aluminum":[5,4,6,2,3,1],"mt_138":[5,4,6,7,2,3,1],"base138cable":[1],"base230cable":[1],"br119_cable":[2,1],"mt_230_aluminum":[5,4,6,2,3,1],"mt_230cable":[5,4,6,2,3,1],"base230":[1],"base":[1],"base138":[1],"mt_230":[5,4,6,2,3,1]},"cost":{"mt_138cable":[0.0,4492.388394794001,0.0,0.0,0.0,1715.010883554443,225141.05724178592],"mt_230cable_aluminum":[16977.829737623706,8940.558693332763,1137.6623396375282,0.0,0.0,210919.94224576573],"mt_138":[0.0,3919.6317219493358,0.0,0.0,0.0,1715.0108835542853,226220.46706075044],"base138cable":[238351.59332949595],"base230cable":[240835.03463141393],"br119_cable":[0.0,238379.651384936],"mt_230_aluminum":[16977.8297376295,8940.558693357276,1137.6623396375053,0.0,0.0,211333.35983543895],"mt_230cable":[16977.829737624437,8940.558693333516,1137.6623396375335,0.0,0.0,210856.35152610013],"base230":[238401.77741016157],"base":[238401.77741016157],"base138":[238401.77741016157],"mt_230":[16977.8297376295,8940.558693357276,1137.6623396375053,0.0,0.0,211333.35983543895]},"generation":{"mt_138cable":[0.0,3.84,0.0,0.0,0.0,1.92,81.16571353695346],"mt_230cable_aluminum":[3.55,1.7,3.0999999999999996,0.0,0.0,78.5051748587079],"mt_138":[0.0,3.7199999999999998,0.0,0.0,0.0,1.92,81.38265508198356],"base138cable":[86.9254420870307],"base230cable":[83.45495292514669],"br119_cable":[0.0,86.93085667716429],"mt_230_aluminum":[3.55,1.7,3.0999999999999996,0.0,0.0,78.58273998852779],"mt_230cable":[3.55,1.7,3.0999999999999996,0.0,0.0,78.49371943755516],"base230":[86.93512650176952],"base":[86.93512650176952],"base138":[86.93512650176952],"mt_230":[3.55,1.7,3.0999999999999996,0.0,0.0,78.58273998852779]},"line loss":{"mt_138cable":[0.0,0.0,0.0,0.0,0.02418849507519568,0.0,1.4015261736516456],"mt_230cable_aluminum":[0.0,0.0,0.0,0.043549285987078745,0.0,1.311626700082946],"mt_138":[0.0,0.0,0.0,0.0,0.11817645596057062,0.0,1.4044797378729392],"base138cable":[1.4254432499075376],"base230cable":[2.564953938159027],"br119_cable":[0.004561425237113614,1.4226205088598045],"mt_230_aluminum":[0.0,0.0,0.0,0.1140689809248468,0.0,1.3186721704756963],"mt_230cable":[0.0,0.0,0.0,0.03233880483030671,0.0,1.3113817953955542],"base230":[1.4351276646439857],"base":[1.4351276646439857],"base138":[1.4351276646439857],"mt_230":[0.0,0.0,0.0,0.1140689809248468,0.0,1.3186721704756963]}}