subnet,f,fmin,fmax,min_v,max_v,avg_v,ngen_Qll,ngen_Qul,ngen,minQloss,maxQloss,n_negQloss,n_s_bound,max_ang_diff,min_ang_diff,nbranch,total_loss,cost,time_s,status
2,23.665807495575034,1.0,100.0,1.0590262278291973,1.06,1.0595131139145986,0,0,0,-0.004686602189160102,-0.004686602189160102,1,0,0.20930957844441636,0.20930957844441636,1,0.0008908006637828869,15201.864811966941,0.047871604,LOCALLY_SOLVED
1,60.0,60.0,60.0,1.0880919298721674,1.1,1.093417717310968,0,2,5,0.04063858625575545,0.36298457025692954,0,2,5.356641715162859,-3.425956692694034,6,0.08380326312449979,15201.864811966941,0.047871604,LOCALLY_SOLVED
