bus,vm,va,vmin,vmax
4,1.0893321920472117,0.0,0.9,1.1
10,1.0942989175249669,3.425956692694034,0.9,1.1
2,1.0953655471104948,-3.066973411699302,0.9,1.1
3,1.0880919298721674,1.028898965377781,0.9,1.1
1,1.1,2.2896683034635568,0.9,1.1
