gen,bus,pg,qg,pgmin,pgmax,qgmin,qgmax
1,1,0.4,0.3,0.0,0.4,-0.3,0.3
2,1,1.6081448223119859,1.275,0.0,1.7,-1.275,1.275
3,3,2.0765491815125876,0.13050969789032246,0.0,5.2,-3.9,3.9
4,4,0.0,1.414804330479511,0.0,2.0,-1.5,1.5
5,10,6.0,-1.3058342534325813,0.0,6.0,-4.5,4.5
