interface,subnetwork,bus,p_int,q_int,s_int
2,1,3,0.9617943162882289,0.8475708813510802,1.281961273111863
2,2,2,-0.9617943162882289,-0.0005827419598772703,0.9617944928270973
1,1,2,-0.9626851169520118,1.3846986043260512,1.6864616388235525
1,2,1,0.9626851169520118,-0.004103860229282832,0.9626938641487698
