branch,from_bus,to_bus,X,B,G,Bfr,Bto,p_from,p_to,q_from,q_to,p_loss,q_loss,s_from,s_to,rate_a,ang_deg,angmin,angmax
1,1,2,0.004259845349203506,-220.57243324184057,55.921801937169974,0.00365242295681708,0.00365242295681708,0.9626851169520118,-0.9617943162882289,-0.004103860229282832,-0.0005827419598772703,0.0008908006637828869,-0.004686602189160102,0.9626938641487698,0.9617944928270973,4.26,0.20930957844441636,-29.999999999999996,29.999999999999996
