bus,vm,va,vmin,vmax
2,1.0590262278291973,-0.20930957844441636,0.94,1.06
1,1.06,-1.3765380289500012e-31,0.94,1.06
