{"frequency (Hz)":{"base_br24out":[60.0],"base":[60.0],"br24_cable":[0.0,60.0],"br24":[0.0,60.0],"br24_cable2":[0.0,60.0],"base_cable":[60.0]},"objective":{"base_br24out":[829496.1676406303],"base":[546132.6288400585],"br24_cable":[527123.8884453136,527123.8884453136],"br24":[518435.2041385727,518435.2041385727],"br24_cable2":[527123.8884453136,527123.8884453136],"base_cable":[766089.0437254966]},"total loss":{"base_br24out":[2.720608310413269],"base":[3.5714305684781635],"br24_cable":[0.0,3.7943576456169126],"br24":[0.0,4.195974385823945],"br24_cable2":[0.0,3.7943576456169126],"base_cable":[2.816688541659758]},"converter loss":{"base_br24out":[0.0],"base":[0.0],"br24_cable":[0.017269066128059136,0.017269066128059136],"br24":[0.021548918748785603,0.021548918748785603],"br24_cable2":[0.017269066128059136,0.017269066128059136],"base_cable":[0.0]},"status":{"base_br24out":"LOCALLY_SOLVED","base":"LOCALLY_SOLVED","br24_cable":"LOCALLY_SOLVED","br24":"LOCALLY_SOLVED","br24_cable2":"LOCALLY_SOLVED","base_cable":"LOCALLY_SOLVED"},"CPU time (s)":{"base_br24out":0.5289999999999999,"base":1.0,"br24_cable":1.083,"br24":1.37,"br24_cable2":1.09,"base_cable":0.687},"iterations":{"base_br24out":44,"base":85,"br24_cable":84,"br24":92,"br24_cable2":84,"base_cable":47},"total time (s)":{"base_br24out":0.585777776,"base":1.069831814,"br24_cable":1.157364059,"br24":1.446572984,"br24_cable2":1.161293403,"base_cable":0.747828998},"subnet":{"base_br24out":[1],"base":[1],"br24_cable":[2,1],"br24":[2,1],"br24_cable2":[2,1],"base_cable":[1]},"cost":{"base_br24out":[829496.1676406303],"base":[546132.6288400585],"br24_cable":[0.0,527123.8884453136],"br24":[0.0,518435.2041385727],"br24_cable2":[0.0,527123.8884453136],"base_cable":[766089.0437254966]},"generation":{"base_br24out":[88.22060831041327],"base":[89.07143056847816],"br24_cable":[0.0,89.29435764561691],"br24":[0.0,89.69597438582394],"br24_cable2":[0.0,89.29435764561691],"base_cable":[88.31668854165976]},"line loss":{"base_br24out":[2.720609220178357],"base":[3.571431549604611],"br24_cable":[0.47002067156763694,3.307068858748673],"br24":[0.9092476714362725,3.2651787368503364],"br24_cable2":[0.47002067156763694,3.307068858748673],"base_cable":[2.8166894358959844]}}