subnet,f,fmin,fmax,min_v,max_v,avg_v,ngen_Qll,ngen_Qul,ngen,minQloss,maxQloss,n_negQloss,n_s_bound,max_ang_diff,min_ang_diff,nbranch,total_loss,converter_loss,cost,objective,time_s,status,network
1,60.0,60.0,60.0,0.95,1.05,1.0193010569088183,2,22,96,-2.6130295946295314,2.984046273635933,44,3,30.000000572957536,-15.751254127749354,120,3.5714305684781635,0.0,546132.6288400585,546132.6288400585,1.069831814,LOCALLY_SOLVED,"basek_cond=2_3,k_ins=1"
1,60.0,60.0,60.0,0.9540920652459624,1.05,1.0307593047914134,0,28,96,-2.6026369536449696,2.694927534276196,56,2,30.000000572957525,-15.654320331338644,119,2.720608310413269,0.0,829496.1676406303,829496.1676406303,0.585777776,LOCALLY_SOLVED,"base_br24outk_cond=2_3,k_ins=1"
1,60.0,60.0,60.0,0.9538916845307048,1.05,1.0311856609691559,0,28,96,-2.645472052866582,2.834872745148432,53,2,30.00000057295753,-15.943619751741457,120,2.816688541659758,0.0,766089.0437254966,766089.0437254966,0.747828998,LOCALLY_SOLVED,"base_cablek_cond=2_3,k_ins=1"
2,0.0,0.0,0.0,0.9461488057757997,1.1,1.0230744056378938,0,0,0,0.0,0.0,0,1,NaN,NaN,3,0.0,0.021548918748785603,0.0,518435.2041385727,1.446572984,LOCALLY_SOLVED,"br24k_cond=2_3,k_ins=1"
1,60.0,60.0,60.0,0.95,1.0507512486677628,1.0160412265965533,0,25,96,-2.5826761824072593,2.5349653235184726,44,2,30.000000572957525,-15.292477360698378,121,4.195974385823945,0.021548918748785603,518435.2041385727,518435.2041385727,1.446572984,LOCALLY_SOLVED,"br24k_cond=2_3,k_ins=1"
2,0.0,0.0,0.0,1.0015305970499762,1.1,1.0507653012748106,0,0,0,0.0,0.0,0,1,NaN,NaN,3,0.0,0.017269066128059136,0.0,527123.8884453136,1.157364059,LOCALLY_SOLVED,"br24_cablek_cond=2_3,k_ins=1"
1,60.0,60.0,60.0,0.9521416738439731,1.0508053084197262,1.0186588270985928,0,25,96,-2.5870506120360757,2.676953890244146,43,3,30.000000572957696,-14.803680578568727,121,3.7943576456169126,0.017269066128059136,527123.8884453136,527123.8884453136,1.157364059,LOCALLY_SOLVED,"br24_cablek_cond=2_3,k_ins=1"
2,0.0,0.0,0.0,1.0015305970499762,1.1,1.0507653012748106,0,0,0,0.0,0.0,0,1,NaN,NaN,3,0.0,0.017269066128059136,0.0,527123.8884453136,1.161293403,LOCALLY_SOLVED,"br24_cable2k_cond=2_3,k_ins=1"
1,60.0,60.0,60.0,0.9521416738439731,1.0508053084197262,1.0186588270985928,0,25,96,-2.5870506120360757,2.676953890244146,43,3,30.000000572957696,-14.803680578568727,121,3.7943576456169126,0.017269066128059136,527123.8884453136,527123.8884453136,1.161293403,LOCALLY_SOLVED,"br24_cable2k_cond=2_3,k_ins=1"
