interface,subnetwork,bus,p_int,q_int,s_int
2,1,4,0.4784011313321903,0.20835696588825245,0.5218048176225264
2,2,4,-0.4784011313321903,-0.0376120313588785,0.4798773878428331
1,1,5,0.4323744060624131,0.2199466982817136,0.48510223366095895
1,2,5,-0.4323744060624131,0.14234692014144437,0.4552035508336674
