subnet,f,fmin,fmax,min_v,max_v,avg_v,ngen_Qll,ngen_Qul,ngen,minQloss,maxQloss,n_negQloss,n_s_bound,max_ang_diff,min_ang_diff,nbranch,total_loss,cost,time_s,status
2,100.0,100.0,100.0,1.0257765429458094,1.06,1.041603128249287,1,0,3,-0.04328926522170663,0.004303786959806127,6,1,8.20300584758278,-1.0513906580990349,7,0.03547486485330771,13729.057942153848,0.041490597,LOCALLY_SOLVED
1,60.0,60.0,60.0,1.009213622483338,1.06,1.0413972710142263,0,0,2,0.0001343713433950549,0.12650846057004628,0,0,3.937613232248269,-8.09322519920574,13,0.012852268123952876,13729.057942153848,0.041490597,LOCALLY_SOLVED
