gen,bus,pg,qg,pgmin,pgmax,qgmin,qgmax
1,1,1.2259636448946734,0.0,0.0,3.324,0.0,0.1
2,2,0.4587867473751467,-0.0720312529731174,0.0,1.4,-0.4,0.5
3,3,1.0,0.23638304738620722,0.0,1.0,0.0,0.4
