bus,vm,va,vmin,vmax
4,1.0367244017489672,-9.046316769719457,0.94,1.06
2,1.039949359587576,-4.013100184602388,0.94,1.06
3,1.0257765429458094,-10.097707427818492,0.94,1.06
5,1.0455653369640834,-8.20300584758278,0.94,1.06
1,1.06,1.438234753865468e-32,0.94,1.06
