gen,bus,pg,qg,pgmin,pgmax,qgmin,qgmax
1,6,0.3562801603232451,0.13346843871279762,0.0,1.0,-0.06,0.24
2,8,0.8922965704061044,0.10373338327757718,0.0,1.0,-0.06,0.24
