{"frequency (Hz)":[50.0,60.0],"loss (p.u.)":[0.006448594895638447,0.009800981499968726],"status":"LOCALLY_SOLVED","subnet":[2,1],"cost (USD)":[6657.382069372299,4959.758034075743]}