gen,bus,pg,qg,pgmin,pgmax,qgmin,qgmax,pbase,qbase
2,2,0.5182815243567306,0.19224369139093386,0.0,1.4,-0.4,0.5,0.4,0.424
3,3,1.0,0.11115454914239586,0.0,1.0,0.0,0.4,0.0,0.23399999999999999
1,1,0.39164023130519815,0.0,0.0,3.324,0.0,0.1,2.324,-0.16899999999999998
