gen,bus,pg,qg,pgmin,pgmax,qgmin,qgmax,pbase,qbase
2,8,0.9860912697580053,0.09418640470611868,0.0,1.0,-0.06,0.24,0.0,0.174
1,6,0.22823654098756463,0.11194588844098914,0.0,1.0,-0.06,0.24,0.0,0.122
