interface,subnetwork,bus,p_int,q_int,s_int
2,1,4,0.0514172108778934,0.2142087144008656,0.22029322027637022
2,2,4,-0.0514172108778934,0.002739041260416303,0.05149011479389051
1,1,5,0.46125595987650525,0.16067070769566763,0.48843846780635825
1,2,5,-0.46125595987650525,-0.11615655671981034,0.47565681556201705
