subnet,f,fmin,fmax,min_v,max_v,avg_v,ngen_Qll,ngen_Qul,ngen,minQloss,maxQloss,n_negQloss,n_s_bound,max_ang_diff,min_ang_diff,nbranch,loss,cost,objective,time_s,status
2,50.0,50.0,50.0,1.0405237388080866,1.06,1.0488796177511641,1,0,3,-0.047525887028630004,0.0003076458507889103,6,0,1.7338149593675924,0.10193249075403309,7,0.006448594895638447,6657.382069372299,11617.140103448042,0.114585035,LOCALLY_SOLVED
1,60.0,60.0,60.0,1.015197886914464,1.06,1.0412991049697218,0,0,2,0.00011454388131997093,0.15611338465577201,0,0,4.632951430746768,-9.04953040333812,13,0.009800981499968726,4959.758034075743,11617.140103448042,0.114585035,LOCALLY_SOLVED
