bus,vm,va,vmin,vmax
4,1.0447002637216947,-1.5665355544519801,0.94,1.06
2,1.0562262146219763,-0.4981364118965057,0.94,1.06
3,1.0405237388080866,-1.4646030636979472,0.94,1.06
5,1.0429478716040632,-1.7338149593675924,0.94,1.06
1,1.06,1.3725811296228705e-29,0.94,1.06
