interface,subnetwork,bus,p_int,q_int,s_int
2,1,4,0.08212892929995656,0.2783644744825833,0.2902273965047442
2,2,4,-0.08212892929995656,0.05556160429891567,0.09915771730040253
1,1,5,0.0636781085176622,0.1744674465787648,0.18572504252281466
1,2,5,-0.0636781085176622,-0.36849550523403374,0.3739570013812724
