gen,bus,pg,qg,pgmin,pgmax,qgmin,qgmax
1,1,0.29902434695973484,0.0,0.0,3.324,0.0,0.1
2,2,0.47628733441563015,0.17747801658239362,0.0,1.4,-0.4,0.5
3,3,1.0,0.2695020469369057,0.0,1.0,0.0,0.4
