gen,bus,pg,qg,pgmin,pgmax,qgmin,qgmax
1,6,0.8790789050390706,0.1208207146335956,0.0,1.0,-0.06,0.24
2,8,1.0,0.1162851411380154,0.0,1.0,-0.06,0.24
