bus,vm,va,vmin,vmax
4,0.9508157807613655,-2.802554972310778,0.94,1.06
2,0.9679527249540526,-1.1631578499339565,0.94,1.06
3,0.9555886167622345,-5.191749206912549,0.94,1.06
5,0.94,-2.170268773630963,0.94,1.06
1,0.9725205705474003,1.0604827645794934e-29,0.94,1.06
