subnet,f,fmin,fmax,min_v,max_v,avg_v,ngen_Qll,ngen_Qul,ngen,minQloss,maxQloss,n_negQloss,n_s_bound,max_ang_diff,min_ang_diff,nbranch,total_loss,cost,time_s,status
2,100.0,100.0,100.0,0.94,0.9725205705474003,0.9573755386050106,1,0,3,-0.07884876001354489,0.0031052840189555175,6,0,4.028591356978592,-2.3891942346017703,7,0.006904653556287499,13949.815955043126,0.105699196,LOCALLY_SOLVED
1,60.0,60.0,60.0,1.0003334209588535,1.06,1.0324028058107009,0,0,2,0.0002895061567432366,0.1643092693165804,0,0,3.0391095390021086,-9.382325188465803,13,0.021485952848671733,13949.815955043126,0.105699196,LOCALLY_SOLVED
