gen,bus,pg,qg,pgmin,pgmax,qgmin,qgmax
1,1,0.3650652218846497,0.01145093135812483,0.0,3.324,0.0,0.1
2,2,0.8736771092445685,-0.05683036019178578,0.0,1.4,-0.4,0.5
3,3,1.0,0.23045607113517516,0.0,1.0,0.0,0.4
