subnet,f,fmin,fmax,min_v,max_v,avg_v,ngen_Qll,ngen_Qul,ngen,minQloss,maxQloss,n_negQloss,n_s_bound,max_ang_diff,min_ang_diff,nbranch,total_loss,cost,time_s,status
2,100.0,100.0,100.0,0.94,0.9688263340758166,0.9578896978597005,0,0,3,-0.07813177794029048,0.002990902240013471,6,0,6.6865770111864675,-3.244188738684441,7,0.016411162336707488,16743.11023667593,0.268829984,LOCALLY_INFEASIBLE
1,60.0,60.0,60.0,0.9638970011321774,1.06,1.013425044137656,0,0,2,0.0010436702754011062,0.17391614414985454,0,0,6.583627552257679,-9.921149544649202,13,0.07833119880221912,16743.11023667593,0.268829984,LOCALLY_INFEASIBLE
