bus,vm,va,vmin,vmax
4,0.9688263340758166,-4.365566776774735,0.94,1.06
2,0.9577096669726617,-0.9231785042727085,0.94,1.06
3,0.94,-7.609755515459176,0.94,1.06
5,0.9543399393410136,-4.530384826663143,0.94,1.06
1,0.9685725489090103,5.296145630334743e-20,0.94,1.06
