interface,subnetwork,bus,p_int,q_int,s_int
2,1,4,-0.0932005646827241,0.4837696810050515,0.49266565692861924
2,2,4,0.09320056468318101,0.2837300337772284,0.2986454039902355
1,1,5,0.4611317434799903,0.2566376452009362,0.5277360758742737
1,2,5,-0.46113174347962105,-0.21403941269366536,0.5083850460338151
