gen,bus,pg,qg,pgmin,pgmax,qgmin,qgmax
1,6,1.0,0.14299881315567364,0.0,1.0,-0.06,0.24
2,8,1.0,0.1304213397446798,0.0,1.0,-0.06,0.24
