gen,bus,pg,qg,pgmin,pgmax,qgmin,qgmax
1,6,0.20053073174234715,0.10022742917237731,0.0,1.0,-0.06,0.24
2,8,0.6344488741488515,0.007190734663014012,0.0,1.0,-0.06,0.24
