interface,subnetwork,bus,p_int,q_int,s_int
2,1,4,0.2665000131296345,0.10995479432963182,0.2882920633561857
2,2,4,-0.2665000131296345,-0.037507885469878384,0.26912654731653074
1,1,5,0.3353006938952358,0.11263712644788111,0.3537141184361498
1,2,5,-0.3353006938952358,-0.19183050091987675,0.38629716075813636
