{"frequency (Hz)":{"br70":[0.0,60.0],"br24":[0.0,60.0],"base_cable":[60.0],"base_br24out":[60.0],"br24_cable":[0.0,60.0],"br119_cable":[0.0,60.0],"br119":[0.0,60.0],"base":[60.0],"br70_cable":[0.0,60.0],"br119_cable_aluminum":[0.0,60.0],"br64_cable":[0.0,60.0],"br64":[0.0,60.0]},"objective":{"br70":[540667.3242092598,540667.3242092598],"br24":[490839.78584462695,490839.78584462695],"base_cable":[652795.6741658192],"base_br24out":[829496.1676406303],"br24_cable":[817865.6366492163,817865.6366492163],"br119_cable":[532429.7174734443,532429.7174734443],"br119":[487370.9377811024,487370.9377811024],"base":[546132.6288400585],"br70_cable":[537877.1775176363,537877.1775176363],"br119_cable_aluminum":[535156.7129751818,535156.7129751818],"br64_cable":[1.2386880476424617e6,1.2386880476424617e6],"br64":[540252.3431185326,540252.3431185326]},"total loss":{"br70":[0.0,3.586364765448536],"br24":[0.0,3.7422462183443344],"base_cable":[3.9558052424110883],"base_br24out":[2.720608310413269],"br24_cable":[0.0,2.762368518470396],"br119_cable":[0.0,3.299005580063664],"br119":[0.0,3.7689775735099857],"base":[3.5714305684781635],"br70_cable":[0.0,3.5486641938967978],"br119_cable_aluminum":[0.0,3.337333090651356],"br64_cable":[0.0,3.5488915924555613],"br64":[0.0,3.670847741019955]},"converter loss":{"br70":[0.013451093570480644,0.013451093570480644],"br24":[0.022431099284729895,0.022431099284729895],"base_cable":[0.0],"base_br24out":[0.0],"br24_cable":[0.003124481358001671,0.003124481358001671],"br119_cable":[0.017490435054843566,0.017490435054843566],"br119":[0.021424175408750204,0.021424175408750204],"base":[0.0],"br70_cable":[0.01359362125086029,0.01359362125086029],"br119_cable_aluminum":[0.017419687606876413,0.017419687606876413],"br64_cable":[0.003939065929806855,0.003939065929806855],"br64":[0.01737927600870859,0.01737927600870859]},"status":{"br70":"LOCALLY_SOLVED","br24":"LOCALLY_SOLVED","base_cable":"LOCALLY_SOLVED","base_br24out":"LOCALLY_SOLVED","br24_cable":"LOCALLY_SOLVED","br119_cable":"LOCALLY_SOLVED","br119":"LOCALLY_SOLVED","base":"LOCALLY_SOLVED","br70_cable":"LOCALLY_SOLVED","br119_cable_aluminum":"LOCALLY_SOLVED","br64_cable":"LOCALLY_SOLVED","br64":"LOCALLY_SOLVED"},"CPU time (s)":{"br70":1.905,"br24":1.289,"base_cable":1.048,"base_br24out":0.498,"br24_cable":1.036,"br119_cable":1.107,"br119":1.052,"base":0.9259999999999999,"br70_cable":1.7970000000000002,"br119_cable_aluminum":1.125,"br64_cable":3.143,"br64":1.056},"iterations":{"br70":146,"br24":100,"base_cable":96,"base_br24out":44,"br24_cable":74,"br119_cable":91,"br119":89,"base":85,"br70_cable":130,"br119_cable_aluminum":93,"br64_cable":203,"br64":88},"total time (s)":{"br70":1.961984289,"br24":1.398572801,"base_cable":1.120142508,"base_br24out":0.547622193,"br24_cable":1.091584762,"br119_cable":1.167434087,"br119":1.106387682,"base":0.987611283,"br70_cable":1.851754259,"br119_cable_aluminum":1.184568679,"br64_cable":3.215059538,"br64":1.117759862},"subnet":{"br70":[2,1],"br24":[2,1],"base_cable":[1],"base_br24out":[1],"br24_cable":[2,1],"br119_cable":[2,1],"br119":[2,1],"base":[1],"br70_cable":[2,1],"br119_cable_aluminum":[2,1],"br64_cable":[2,1],"br64":[2,1]},"cost":{"br70":[0.0,540667.3242092598],"br24":[0.0,490839.78584462695],"base_cable":[652795.6741658192],"base_br24out":[829496.1676406303],"br24_cable":[0.0,817865.6366492163],"br119_cable":[0.0,532429.7174734443],"br119":[0.0,487370.9377811024],"base":[546132.6288400585],"br70_cable":[0.0,537877.1775176363],"br119_cable_aluminum":[0.0,535156.7129751818],"br64_cable":[0.0,1.2386880476424617e6],"br64":[0.0,540252.3431185326]},"generation":{"br70":[0.0,89.08636476544854],"br24":[0.0,89.24224621834433],"base_cable":[89.45580524241109],"base_br24out":[88.22060831041327],"br24_cable":[0.0,88.2623685184704],"br119_cable":[0.0,88.79900558006366],"br119":[0.0,89.26897757350999],"base":[89.07143056847816],"br70_cable":[0.0,89.0486641938968],"br119_cable_aluminum":[0.0,88.83733309065136],"br64_cable":[0.0,89.04889159245556],"br64":[0.0,89.17084774101995]},"line loss":{"br70":[0.047821937707968054,3.525092671720968],"br24":[0.454560370162322,3.265255690108699],"base_cable":[3.9558062232132203],"base_br24out":[2.720609220178357],"br24_cable":[0.03862517976789115,2.720619767105326],"br119_cable":[0.1029520705902085,3.1785640127050234],"br119":[0.5906562893703162,3.156898007018461],"base":[3.571431549604611],"br70_cable":[0.008438940763106473,3.5266325694296006],"br119_cable_aluminum":[0.1413538158386869,3.1785605254922222],"br64_cable":[0.09201046137712782,3.4529430059433364],"br64":[0.13474940956399184,3.5187200364147673]}}