{"frequency (Hz)":{"mt_138cable":[60.0,60.0,60.0,60.0,0.0,60.0,60.0],"mt_230cable_aluminum":[60.0,60.0,60.0,0.0,60.0,60.0],"mt_138":[60.0,60.0,60.0,60.0,0.0,60.0,60.0],"base138cable":[60.0],"base230cable":[60.0],"br119_cable":[0.0,60.0],"mt_230_aluminum":[60.0,60.0,60.0,0.0,60.0,60.0],"mt_230cable":[60.0,60.0,60.0,0.0,60.0,60.0],"base230":[60.0],"base":[60.0],"base138":[60.0],"mt_230":[60.0,60.0,60.0,0.0,60.0,60.0]},"objective":{"mt_138cable":[231342.76003838202,231342.76003838202,231342.76003838202,231342.76003838202,231342.76003838202,231342.76003838202,231342.76003838202],"mt_230cable_aluminum":[238183.32716339882,238183.32716339882,238183.32716339882,238183.32716339882,238183.32716339882,238183.32716339882],"mt_138":[231776.1937912237,231776.1937912237,231776.1937912237,231776.1937912237,231776.1937912237,231776.1937912237,231776.1937912237],"base138cable":[238351.59332949595],"base230cable":[240835.03463141393],"br119_cable":[238499.4590928421,238499.4590928421],"mt_230_aluminum":[238315.71798069484,238315.71798069484,238315.71798069484,238315.71798069484,238315.71798069484,238315.71798069484],"mt_230cable":[238114.40415836862,238114.40415836862,238114.40415836862,238114.40415836862,238114.40415836862,238114.40415836862],"base230":[238401.77741016157],"base":[238401.77741016157],"base138":[238401.77741016157],"mt_230":[238315.71798069484,238315.71798069484,238315.71798069484,238315.71798069484,238315.71798069484,238315.71798069484]},"total loss":{"mt_138cable":[-0.74,2.87,-0.71,-1.36,0.0,0.8399999999999999,0.5246842851324942],"mt_230cable_aluminum":[3.55,-1.6300000000000001,3.0999999999999996,0.0,0.0,-3.625645816272794],"mt_138":[-0.74,2.75,-0.71,-1.36,0.0,0.8399999999999999,0.726840021205291],"base138cable":[1.425442087030703],"base230cable":[-2.045047074853315],"br119_cable":[0.0,1.4539767240346038],"mt_230_aluminum":[3.55,-1.6300000000000001,3.0999999999999996,0.0,0.0,-3.6014810974571674],"mt_230cable":[3.55,-1.6300000000000001,3.0999999999999996,0.0,0.0,-3.637836270918825],"base230":[1.435126501769517],"base":[1.435126501769517],"base138":[1.435126501769517],"mt_230":[3.55,-1.6300000000000001,3.0999999999999996,0.0,0.0,-3.6014810974571674]},"converter loss":{"mt_138cable":[3.1600426980522255e-39,3.1600426980522255e-39,3.1600426980522255e-39,3.1600426980522255e-39,3.1600426980522255e-39,3.1600426980522255e-39,3.1600426980522255e-39],"mt_230cable_aluminum":[1.1815945583525621e-38,1.1815945583525621e-38,1.1815945583525621e-38,1.1815945583525621e-38,1.1815945583525621e-38,1.1815945583525621e-38],"mt_138":[6.06397298050919e-39,6.06397298050919e-39,6.06397298050919e-39,6.06397298050919e-39,6.06397298050919e-39,6.06397298050919e-39,6.06397298050919e-39],"base138cable":[0.0],"base230cable":[0.0],"br119_cable":[0.004950992749227178,0.004950992749227178],"mt_230_aluminum":[1.564834153035099e-37,1.564834153035099e-37,1.564834153035099e-37,1.564834153035099e-37,1.564834153035099e-37,1.564834153035099e-37],"mt_230cable":[8.71281486569048e-40,8.71281486569048e-40,8.71281486569048e-40,8.71281486569048e-40,8.71281486569048e-40,8.71281486569048e-40],"base230":[0.0],"base":[0.0],"base138":[0.0],"mt_230":[1.564834153035099e-37,1.564834153035099e-37,1.564834153035099e-37,1.564834153035099e-37,1.564834153035099e-37,1.564834153035099e-37]},"status":{"mt_138cable":"LOCALLY_SOLVED","mt_230cable_aluminum":"LOCALLY_SOLVED","mt_138":"LOCALLY_SOLVED","base138cable":"LOCALLY_SOLVED","base230cable":"LOCALLY_INFEASIBLE","br119_cable":"LOCALLY_SOLVED","mt_230_aluminum":"LOCALLY_SOLVED","mt_230cable":"LOCALLY_SOLVED","base230":"LOCALLY_SOLVED","base":"LOCALLY_SOLVED","base138":"LOCALLY_SOLVED","mt_230":"LOCALLY_SOLVED"},"CPU time (s)":{"mt_138cable":0.377,"mt_230cable_aluminum":0.40700000000000003,"mt_138":0.42500000000000004,"base138cable":0.296,"base230cable":8.466999999999999,"br119_cable":0.43299999999999994,"mt_230_aluminum":0.43400000000000005,"mt_230cable":0.39,"base230":0.267,"base":0.266,"base138":0.266,"mt_230":0.46399999999999997},"iterations":{"mt_138cable":31,"mt_230cable_aluminum":32,"mt_138":35,"base138cable":28,"base230cable":619,"br119_cable":30,"mt_230_aluminum":36,"mt_230cable":35,"base230":24,"base":24,"base138":24,"mt_230":36},"total time (s)":{"mt_138cable":0.433815348,"mt_230cable_aluminum":0.461426158,"mt_138":0.483800047,"base138cable":0.403405911,"base230cable":8.578365332,"br119_cable":0.503995987,"mt_230_aluminum":0.488175514,"mt_230cable":0.449976161,"base230":0.314109227,"base":0.321582737,"base138":0.317270591,"mt_230":0.533263456},"subnet":{"mt_138cable":[5,4,6,7,2,3,1],"mt_230cable_aluminum":[5,4,6,2,3,1],"mt_138":[5,4,6,7,2,3,1],"base138cable":[1],"base230cable":[1],"br119_cable":[2,1],"mt_230_aluminum":[5,4,6,2,3,1],"mt_230cable":[5,4,6,2,3,1],"base230":[1],"base":[1],"base138":[1],"mt_230":[5,4,6,2,3,1]},"cost":{"mt_138cable":[0.0,4492.38839479668,0.0,0.0,0.0,1715.010883554447,225135.3607600309],"mt_230cable_aluminum":[16977.8297376244,8940.558693334173,1137.6623396375287,0.0,0.0,211127.2763928027],"mt_138":[0.0,3919.631721917852,0.0,0.0,0.0,1715.010883555944,226141.5511857499],"base138cable":[238351.59332949595],"base230cable":[240835.03463141393],"br119_cable":[0.0,238499.4590928421],"mt_230_aluminum":[16977.82973762842,8940.558693351193,1137.6623396375082,0.0,0.0,211259.66721007772],"mt_230cable":[16977.829737625005,8940.558693334679,1137.6623396375342,0.0,0.0,211058.3533877714],"base230":[238401.77741016157],"base":[238401.77741016157],"base138":[238401.77741016157],"mt_230":[16977.82973762842,8940.558693351193,1137.6623396375082,0.0,0.0,211259.66721007772]},"generation":{"mt_138cable":[0.0,3.84,0.0,0.0,0.0,1.92,81.1646842851325],"mt_230cable_aluminum":[3.55,1.7,3.0999999999999996,0.0,0.0,78.54435418372721],"mt_138":[0.0,3.7199999999999998,0.0,0.0,0.0,1.92,81.36684002120529],"base138cable":[86.9254420870307],"base230cable":[83.45495292514669],"br119_cable":[0.0,86.9539767240346],"mt_230_aluminum":[3.55,1.7,3.0999999999999996,0.0,0.0,78.56851890254283],"mt_230cable":[3.55,1.7,3.0999999999999996,0.0,0.0,78.53216372908118],"base230":[86.93512650176952],"base":[86.93512650176952],"base138":[86.93512650176952],"mt_230":[3.55,1.7,3.0999999999999996,0.0,0.0,78.56851890254283]},"line loss":{"mt_138cable":[0.0,0.0,0.0,0.0,0.023080731689934755,0.0,1.4016046852151394],"mt_230cable_aluminum":[0.0,0.0,0.0,0.08388345545656695,0.0,1.3104718556342838],"mt_138":[0.0,0.0,0.0,0.0,0.10258890368275768,0.0,1.404252229480092],"base138cable":[1.4254432499075376],"base230cable":[2.564953938159027],"br119_cable":[0.027788480822003553,1.4212384132787739],"mt_230_aluminum":[0.0,0.0,0.0,0.10146124808311557,0.0,1.3170588173214435],"mt_230cable":[0.0,0.0,0.0,0.07199639524618884,0.0,1.3101684964606144],"base230":[1.4351276646439857],"base":[1.4351276646439857],"base138":[1.4351276646439857],"mt_230":[0.0,0.0,0.0,0.10146124808311557,0.0,1.3170588173214435]}}