bus,vm,va,vmin,vmax
4,0.9423967522742756,-4.182291106744291,0.94,1.06
2,0.966198941633471,-1.1406194382777899,0.94,1.06
3,0.9483216375064729,-2.751458612859526,0.94,1.06
5,0.94,-4.078069785145181,0.94,1.06
1,0.9716784218721254,1.4412330084397068e-30,0.94,1.06
