{"frequency (Hz)":{"br70":[0.0,60.0],"br24":[0.0,60.0],"base_cable":[60.0],"base_br24out":[60.0],"br24_cable":[0.0,60.0],"br119_cable":[0.0,60.0],"br119":[0.0,60.0],"base":[60.0],"br70_cable":[0.0,60.0],"br119_cable_aluminum":[0.0,60.0],"br64_cable":[0.0,60.0],"br64":[0.0,60.0]},"objective":{"br70":[541760.8545248142,541760.8545248142],"br24":[500037.1503540054,500037.1503540054],"base_cable":[652795.6741658192],"base_br24out":[829496.1676406303],"br24_cable":[820695.2647961476,820695.2647961476],"br119_cable":[533953.873846893,533953.873846893],"br119":[500615.34994545404,500615.34994545404],"base":[546132.6288400585],"br70_cable":[538036.7034284637,538036.7034284637],"br119_cable_aluminum":[537595.6189587928,537595.6189587928],"br64_cable":[1.278924081466745e6,1.278924081466745e6],"br64":[543592.9707185226,543592.9707185226]},"total loss":{"br70":[0.0,3.598221928156633],"br24":[0.0,3.893470813367628],"base_cable":[3.9558052424110883],"base_br24out":[2.720608310413269],"br24_cable":[0.0,2.751727166457272],"br119_cable":[0.0,3.320518891093016],"br119":[0.0,3.9686810285999172],"base":[3.5714305684781635],"br70_cable":[0.0,3.5506688812383516],"br119_cable_aluminum":[0.0,3.3717030570192605],"br64_cable":[0.0,3.4894173265917203],"br64":[0.0,3.715003612188127]},"converter loss":{"br70":[0.013143308797503693,0.013143308797503693],"br24":[0.022133419742050776,0.022133419742050776],"base_cable":[0.0],"base_br24out":[0.0],"br24_cable":[0.0030427128928029834,0.0030427128928029834],"br119_cable":[0.01745106397434256,0.01745106397434256],"br119":[0.02104080095773403,0.02104080095773403],"base":[0.0],"br70_cable":[0.013585235829160885,0.013585235829160885],"br119_cable_aluminum":[0.017356810598997206,0.017356810598997206],"br64_cable":[0.0037024708893926552,0.0037024708893926552],"br64":[0.01730095277695065,0.01730095277695065]},"status":{"br70":"LOCALLY_SOLVED","br24":"LOCALLY_SOLVED","base_cable":"LOCALLY_SOLVED","base_br24out":"LOCALLY_SOLVED","br24_cable":"LOCALLY_SOLVED","br119_cable":"LOCALLY_SOLVED","br119":"LOCALLY_SOLVED","base":"LOCALLY_SOLVED","br70_cable":"LOCALLY_SOLVED","br119_cable_aluminum":"LOCALLY_SOLVED","br64_cable":"LOCALLY_SOLVED","br64":"LOCALLY_SOLVED"},"CPU time (s)":{"br70":1.51,"br24":1.236,"base_cable":1.065,"base_br24out":0.46499999999999997,"br24_cable":1.985,"br119_cable":1.061,"br119":1.0659999999999998,"base":0.9249999999999999,"br70_cable":2.076,"br119_cable_aluminum":1.1179999999999999,"br64_cable":1.768,"br64":1.004},"iterations":{"br70":120,"br24":96,"base_cable":96,"base_br24out":44,"br24_cable":151,"br119_cable":91,"br119":88,"base":85,"br70_cable":154,"br119_cable_aluminum":87,"br64_cable":145,"br64":85},"total time (s)":{"br70":1.586774319,"br24":1.303533242,"base_cable":1.124059552,"base_br24out":0.522111549,"br24_cable":2.056472416,"br119_cable":1.129286305,"br119":1.120559783,"base":0.977231889,"br70_cable":2.14569556,"br119_cable_aluminum":1.228132555,"br64_cable":1.828441449,"br64":1.061144737},"subnet":{"br70":[2,1],"br24":[2,1],"base_cable":[1],"base_br24out":[1],"br24_cable":[2,1],"br119_cable":[2,1],"br119":[2,1],"base":[1],"br70_cable":[2,1],"br119_cable_aluminum":[2,1],"br64_cable":[2,1],"br64":[2,1]},"cost":{"br70":[0.0,541760.8545248142],"br24":[0.0,500037.1503540054],"base_cable":[652795.6741658192],"base_br24out":[829496.1676406303],"br24_cable":[0.0,820695.2647961476],"br119_cable":[0.0,533953.873846893],"br119":[0.0,500615.34994545404],"base":[546132.6288400585],"br70_cable":[0.0,538036.7034284637],"br119_cable_aluminum":[0.0,537595.6189587928],"br64_cable":[0.0,1.278924081466745e6],"br64":[0.0,543592.9707185226]},"generation":{"br70":[0.0,89.09822192815663],"br24":[0.0,89.39347081336763],"base_cable":[89.45580524241109],"base_br24out":[88.22060831041327],"br24_cable":[0.0,88.25172716645727],"br119_cable":[0.0,88.82051889109302],"br119":[0.0,89.46868102859992],"base":[89.07143056847816],"br70_cable":[0.0,89.05066888123835],"br119_cable_aluminum":[0.0,88.87170305701926],"br64_cable":[0.0,88.98941732659172],"br64":[0.0,89.21500361218813]},"line loss":{"br70":[0.060699647027057324,3.5243799098833466],"br24":[0.6061086971988852,3.2652296376381185],"base_cable":[3.9558062232132203],"base_br24out":[2.720609220178357],"br24_cable":[0.028968884851117344,2.719716478475755],"br119_cable":[0.12450672439723842,3.178562041007851],"br119":[0.7875783670122223,3.16006275891762],"base":[3.571431549604611],"br70_cable":[0.010704412047016998,3.5263801709091913],"br119_cable_aluminum":[0.17578977481539138,3.1785574098912797],"br64_cable":[0.0690078460244436,3.4167078972240037],"br64":[0.17967231029713826,3.5180313300829256]}}