{"frequency (Hz)":{"br70":[0.0,60.0],"br24":[0.0,60.0],"base_cable":[60.0],"base_br24out":[60.0],"br24_cable":[0.0,60.0],"br119_cable":[0.0,60.0],"br119":[0.0,60.0],"base":[60.0],"br70_cable":[0.0,60.0],"br64_cable":[0.0,60.0],"br64":[0.0,60.0]},"objective":{"br70":[543790.177467356,543790.177467356],"br24":[518435.2041385727,518435.2041385727],"base_cable":[652795.6741658192],"base_br24out":[829496.1676406303],"br24_cable":[823526.8309929569,823526.8309929569],"br119_cable":[537398.1876970795,537398.1876970795],"br119":[527243.8191234738,527243.8191234738],"base":[546132.6288400585],"br70_cable":[538371.6740901903,538371.6740901903],"br64_cable":[1.32183959624353e6,1.32183959624353e6],"br64":[550144.4150167629,550144.4150167629]},"total loss":{"br70":[0.0,3.619043612540267],"br24":[0.0,4.195974385823945],"base_cable":[3.9558052424110883],"base_br24out":[2.720608310413269],"br24_cable":[0.0,2.7411275242914996],"br119_cable":[0.0,3.369111255204743],"br119":[0.0,4.368826399042803],"base":[3.5714305684781635],"br70_cable":[0.0,3.5549443386059068],"br64_cable":[0.0,3.4463764411100613],"br64":[0.0,3.778974488077182]},"converter loss":{"br70":[0.01254227743592013,0.01254227743592013],"br24":[0.021548918748785603,0.021548918748785603],"base_cable":[0.0],"base_br24out":[0.0],"br24_cable":[0.0029641122807532163,0.0029641122807532163],"br119_cable":[0.017362308397959693,0.017362308397959693],"br119":[0.020292231747935686,0.020292231747935686],"base":[0.0],"br70_cable":[0.013568094579258824,0.013568094579258824],"br64_cable":[0.003475502614616437,0.003475502614616437],"br64":[0.016247743134774215,0.016247743134774215]},"status":{"br70":"LOCALLY_SOLVED","br24":"LOCALLY_SOLVED","base_cable":"LOCALLY_SOLVED","base_br24out":"LOCALLY_SOLVED","br24_cable":"LOCALLY_SOLVED","br119_cable":"LOCALLY_SOLVED","br119":"LOCALLY_SOLVED","base":"LOCALLY_SOLVED","br70_cable":"LOCALLY_SOLVED","br64_cable":"LOCALLY_SOLVED","br64":"LOCALLY_SOLVED"},"CPU time (s)":{"br70":2.343,"br24":1.1099999999999999,"base_cable":1.06,"base_br24out":0.46399999999999997,"br24_cable":2.896,"br119_cable":1.043,"br119":1.0110000000000001,"base":0.9299999999999999,"br70_cable":1.475,"br64_cable":1.96,"br64":1.072},"iterations":{"br70":169,"br24":92,"base_cable":96,"base_br24out":44,"br24_cable":161,"br119_cable":89,"br119":84,"base":85,"br70_cable":114,"br64_cable":165,"br64":88},"total time (s)":{"br70":2.25690714,"br24":1.170848615,"base_cable":1.16265386,"base_br24out":0.528425525,"br24_cable":2.553902935,"br119_cable":1.127706571,"br119":1.067561623,"base":0.986546355,"br70_cable":1.535168611,"br64_cable":2.022955274,"br64":1.171318705},"subnet":{"br70":[2,1],"br24":[2,1],"base_cable":[1],"base_br24out":[1],"br24_cable":[2,1],"br119_cable":[2,1],"br119":[2,1],"base":[1],"br70_cable":[2,1],"br64_cable":[2,1],"br64":[2,1]},"cost":{"br70":[0.0,543790.177467356],"br24":[0.0,518435.2041385727],"base_cable":[652795.6741658192],"base_br24out":[829496.1676406303],"br24_cable":[0.0,823526.8309929569],"br119_cable":[0.0,537398.1876970795],"br119":[0.0,527243.8191234738],"base":[546132.6288400585],"br70_cable":[0.0,538371.6740901903],"br64_cable":[0.0,1.32183959624353e6],"br64":[0.0,550144.4150167629]},"generation":{"br70":[0.0,89.11904361254027],"br24":[0.0,89.69597438582394],"base_cable":[89.45580524241109],"base_br24out":[88.22060831041327],"br24_cable":[0.0,88.2411275242915],"br119_cable":[0.0,88.86911125520474],"br119":[0.0,89.8688263990428],"base":[89.07143056847816],"br70_cable":[0.0,89.0549443386059],"br64_cable":[0.0,88.94637644111006],"br64":[0.0,89.27897448807718]},"line loss":{"br70":[0.08207904130700738,3.5244232313489405],"br24":[0.9092476714362725,3.2651787368503364],"base_cable":[3.9558062232132203],"base_br24out":[2.720609220178357],"br24_cable":[0.019312589900721197,2.718851731873607],"br119_cable":[0.17319226408713373,3.178557621006065],"br119":[1.1814775131742534,3.167057552408596],"base":[3.571431549604611],"br70_cable":[0.015456329375963307,3.525920852198284],"br64_cable":[0.04600523068296003,3.3968967016997764],"br64":[0.241235567494539,3.521492158409697]}}