{"frequency (Hz)":[50.0,50.0],"Q flow from area 1 to 2 (p.u.)":[0.0,1.63062067000146],"S flow from area 1 to 2 (p.u.)":[0.0,26.33168757088715],"P flow from area 2 to 1 (p.u.)":[0.0,-24.437015676789393],"status":"LOCALLY_SOLVED","Q flow from area 2 to 1 (p.u.)":[0.0,6.678583752754272],"S capacity from area 1 to 2 (p.u.)":[0.0,42.0],"S slack from area 1 to 2 (p.u.)":[0.0,15.668312429112849],"loss between area 1 and 2 (p.u.)":[0.0,1.8441343467802938],"S flow from area 2 to 1 (p.u.)":[0.0,25.333203826800194],"subnet":[2,1],"loss (p.u.)":[0.5278177191813906,5.4161612744733345],"generation in areas 2 and 3 (p.u.)":[0.0,41.43312206581201],"P flow from area 1 to 2 (p.u.)":[0.0,26.281150023569687],"cost (USD)":[0.0,4.519365803163949e6]}