bus,vm,va,vmin,vmax
2,1.1,-40.000000550919324,0.9,1.1
1,1.1,-3.868496373795662e-27,0.9,1.1
