interface,subnetwork,bus,p_int,q_int,s_int
2,1,4041,9.403872762836679,0.9385036234101631,9.450587917731657
2,2,2,-9.403872762836679,2.7932840870144227,9.809957131934347
1,1,4031,-9.93169048201807,12.001344130364135,15.577892564979193
1,2,1,9.93169048201807,1.3431168465620766,10.022097519687541
