branch,from_bus,to_bus,X,B,G,Bfr,Bto,p_from,p_to,q_from,q_to,p_loss,q_loss,s_from,s_to,rate_a,ang_deg,angmin,angmax
1,1,2,0.08,-12.430080795525171,0.9322560596643878,1.19883,1.19883,9.93169048201807,-9.403872762836679,1.3431168465620766,2.7932840870144227,0.5278177191813906,4.1364009335765,10.022097519687541,9.809957131934347,14.0,40.000000550919324,-40.0,40.0
