subnet,f,fmin,fmax,min_v,max_v,avg_v,ngen_Qll,ngen_Qul,ngen,minQloss,maxQloss,n_negQloss,n_s_bound,max_ang_diff,min_ang_diff,nbranch,loss,cost,objective,time_s,status
2,50.0,50.0,50.0,1.1,1.1,1.1,0,0,0,4.1364009335765,4.1364009335765,0,0,40.000000550919324,40.000000550919324,1,0.5278177191813906,0.0,41.43312206581201,0.221494529,LOCALLY_SOLVED
1,50.0,50.0,50.0,1.0062162530856273,1.1,1.0674009300229832,0,4,20,-3.491552522300685,3.851153154415135,21,1,40.00000056571838,-13.187561813809067,100,5.4161612744733345,4.519365803163949e6,41.43312206581201,0.221494529,LOCALLY_SOLVED
